,annotater_id,table_id,hypothesis,label
0,GW74,T2045,大多数幸存者都是船员。,E
1,GW74,T2045,"其中5人死亡,包括1名乘客。",N
2,GW74,T2045,幸存者比船员多。,C
3,GW52,T2045,“1950年英国哥伦比亚B36坠毁”的大多数受害者都幸存下来。,E
4,GW52,T2045,1950年英国科鲁伊比亚B-36坠机事故报告发动机问题在坠机前。,N
5,GW52,T2045,1950 年的 B-36 坠毁是由于鸟类进入发动机湾。,C
6,GW95,T2045,每16名机组人员中就有1名乘客。,E
7,GW95,T2045,所有遇难者都是船员。,N
8,GW95,T2045,乘客多于机组人员死亡。,C
9,GW86,T2046,“1999年江西地震”破坏或破坏了10万多座建筑物。,E
10,GW86,T2046,“1999年江西地震”造成2415多人死亡。,N
11,GW86,T2046,“1999年吉吉地震”摧毁了比破坏更多的建筑物。,C
12,GW95,T2046,吉吉地震发生在亚洲。,E
13,GW95,T2046,大多数受损的建筑物是房屋。,N
14,GW95,T2046,这一地震发生在千年初。,C
15,GW74,T2046,当地时间与UTC时间有6个小时的差异,E
16,GW74,T2046,已有29人失踪20年,N
17,GW74,T2046,UTC 时间和位置日期是相同的,C
18,GW12,T2047,“2004年印度洋地震和海啸”于12月26日在印度洋沿海地区发生。,E
19,GW12,T2047,“2004年印度洋地震和海啸”的总损失超过15亿美元。,N
20,GW12,T2047,“2004年印度洋地震和海啸”造成的死亡人数低于20万。,C
21,GW28,T2047,“2004年印度洋地震和海啸”发生在亚洲。,E
22,GW28,T2047,“2004年印度洋地震和海啸”像欧洲一样遥远。,N
23,GW28,T2047,“2004年印度洋地震和海啸”的确切日期和时间尚未确定。,C
24,GW52,T2047,2004年地震和海啸造成20多万人死亡。,E
25,GW52,T2047,2004年的地震和海啸在几个大洲被感受到。,N
26,GW52,T2047,2004年的地震或海啸被描述为极端地震。,C
27,GW63,T2048,"2004年后,印度尼西亚发生了一场严重的地震。",E
28,GW63,T2048,印度尼西亚的部分地区受到尼亚斯 - 西米卢雷地震的影响。,N
29,GW63,T2048,"在亚洲,只有轻度的地震发生。",C
30,GW12,T2048,“2005年尼亚斯 - 西米卢伊地震”发生在2005年当地时间23点09分。,E
31,GW12,T2048,“2005年尼亚斯 - 西米卢伊地震”影响了印度尼西亚地区。,N
32,GW12,T2048,因“2005年尼亚斯 - 西米卢伊地震”造成915人受伤和340人死亡。,C
33,GW28,T2048,"“2005年尼亚斯 - 西米卢伊地震”发生在亚洲,并在夜间发生。",E
34,GW28,T2048,“2005年尼亚斯 - 西米卢伊地震”没有造成任何海啸。,N
35,GW28,T2048,“2005年尼亚斯 - 西米卢伊地震”无法准确地确定。,C
36,GW52,T2049,四川地震损失超过1000亿美元。,E
37,GW52,T2049,“2008年四川地震”造成的破坏至今尚未修复。,N
38,GW52,T2049,地震从未超过X强度。,C
39,GW74,T2049,有 UTC 时间和当地时间的 8 小时差异,E
40,GW74,T2049,"87,587 都死于 14:28:01 CST",N
41,GW74,T2049,UTC 时间和当地时间的日期是不同的,C
42,GW1,T2049,四分之一百万人在“2008年四川地震”中受伤。,E
43,GW1,T2049,“2008年四川地震”是唯一与长曼山错误有关的地震。,N
44,GW1,T2049,2008年冬季发生的“2008年四川地震”。,C
45,GW63,T2050,"超过6000人受伤,2011年3月的地震造成了超过3亿美元的损失。",E
46,GW63,T2050,"即使在2018年3月6日发生在日本2011年的地震之后,也出现了后冲击。",N
47,GW63,T2050,USGS-ANSS ComCat 仅与日本和太平洋边缘相关,C
48,GW1,T2050,“2011年东京地震和海啸”造成了超过四分之一万亿美元的损失。,E
49,GW1,T2050,“2011年东北大地震和海啸”是第一个袭击米亚科、伊瓦特、东北的海啸。,N
50,GW1,T2050,2011年“东京地震和海啸”造成3万多人死亡。,C
51,GW105,T2050,丰田地震和海啸是春季发生的最强烈风暴之一。,E
52,GW105,T2050,太平洋边缘受到了东京地震和海啸的最大损害。,N
53,GW105,T2050,数以百万计的人在东京地震和海啸中失踪。,C
54,GW52,T2051,2016年“厄瓜多尔地震”造成500多人死亡。,E
55,GW52,T2051,“2016年厄瓜多尔地震”在美国被感受到。,N
56,GW52,T2051,“2016年厄瓜多尔地震”被归类为极端地震。,C
57,GW28,T2051,“2016年厄瓜多尔地震”造成数百人死亡和数千人受伤。,E
58,GW28,T2051,“2016年厄瓜多尔地震”是南美一个多世纪以来最强烈的地震。,N
59,GW28,T2051,"“2016年厄瓜多尔地震”发生在厄瓜多尔,并未影响其他邻国。",C
60,GW86,T2051,“2016年厄瓜多尔地震”在超过一个国家被感受到。,E
61,GW86,T2051,2016年厄瓜多尔地震造成668人死亡。,N
62,GW86,T2051,“2016年厄瓜多尔地震”只在厄瓜多尔感受到。,C
63,GW4,T2052,“2019年秘鲁地震”造成1人以上死亡。,E
64,GW4,T2052,“2019年秘鲁地震”是预期的。,N
65,GW4,T2052,“2019年秘鲁地震”是一场弱地震,C
66,GW1,T2052,“2019年秘鲁地震”造成20多人受伤。,E
67,GW1,T2052,“2019年秘鲁地震”伤害了比厄瓜多尔更多的人。,N
68,GW1,T2052,“2019年秘鲁地震”持续了3个多小时。,C
69,GW95,T2052,地震发生在早上。,E
70,GW95,T2052,两名遇难者都是厄瓜多尔人。,N
71,GW95,T2052,地震是历史上最致命的。,C
72,GW28,T2053,"“Acorn Microcomputer”是用键盘发布的,但不是子。",E
73,GW28,T2053,“Acorn Microcomputer”仅在欧洲出售。,N
74,GW28,T2053,“Acorn Microcomputer”包括最先进的图形和音频卡。,C
75,GW12,T2053,Acorn Computers于1979年开发了“Acorn Microcomputer”。,E
76,GW12,T2053,“Acorn Microcomputer”具有25键键键盘和LED显示屏。,N
77,GW12,T2053,Acorn Atom的发行日期是四十年前。,C
78,GW52,T2053,“Acorn Microcomputer”早在40多年前就诞生了。,E
79,GW52,T2053,“Acorn Microcomputer”被认为是廉价的替代品。,N
80,GW52,T2053,“Acorn Microcomputer”容纳超过1MB的RAM。,C
81,GW1,T2054,“航班”部分在地面上。,E
82,GW1,T2054,“Aerotrain”一直有2个站。,N
83,GW1,T2054,“Aerotrain”于20世纪初开通。,C
84,GW63,T2054,男人和女人可以在2000年使用“Aerotrain”。,E
85,GW63,T2054,马来西亚机场控股公司伯哈德建造并设计了“Aerotrain”。,N
86,GW63,T2054,“航班”在马来西亚仅在地面上运行2公里,C
87,GW52,T2054,“Aerotrain”于20多年前开业。,E
88,GW52,T2054,“Aerotrain”在路线上的速度波动。,N
89,GW52,T2054,“Aerotrain”有超过一英里的铁路路线。,C
90,GW28,T2055,"“非洲虫病”是一种感染性疾病,在非洲被蝇传播。",E
91,GW28,T2055,"“非洲甲状腺病”起源于欧洲,并蔓延到非洲。",N
92,GW28,T2055,几十年前被淘汰的“非洲甲状腺瘤病”。,C
93,GW95,T2055,大多数人接受治疗。,E
94,GW95,T2055,诊断方法非常痛苦。,N
95,GW95,T2055,"九成的人得到它,死于它。",C
96,GW4,T2055,“非洲甲状腺病”有多个阶段。,E
97,GW4,T2055,非洲的“非洲甲状腺病”只来自非洲。,N
98,GW4,T2055,“非洲甲状腺病”杀死了超过50%的人谁接受它。,C
99,GW106,T2056,艾滋病患者的预期寿命随着抗逆转录病毒疗法的治疗大大增加。,E
100,GW106,T2056,"在美国,大多数新的艾滋病病例是由于母乳暴露而发生的。",N
101,GW106,T2056,抗逆转录病毒疗法能够在一小部分患者中治愈艾滋病。,C
102,GW19,T2056,人类免疫缺陷病毒(HIV)不再被认为是1980年代的自动死刑。,E
103,GW19,T2056,未受保护的性行为是HIV传播的主要途径。,N
104,GW19,T2056,"如果诊断得足够早,艾滋病可以完全治愈。",C
105,GW28,T2056,"“HIV/艾滋病”是一种没有已知治愈的传染病,只有治疗。",E
106,GW28,T2056,“HIV/艾滋病”平等地影响异性恋和同性恋夫妇。,N
107,GW28,T2056,“艾滋病”通常是没有治疗的人的死刑。,C
108,GW12,T2057,"阿尔法·罗密欧是“阿尔法·罗密欧V6发动机”的制造商,但不是设计师。",E
109,GW12,T2057,铝“阿尔法·罗密欧V6发动机”也被称为阿尔法·罗密欧V6巴士。,N
110,GW12,T2057,“阿尔法·罗密欧V6发动机”已经在生产超过30年。,C
111,GW4,T2057,“阿尔法·罗密欧V6发动机”在70年代开始生产。,E
112,GW4,T2057,“阿尔法·罗密欧V6发动机”需要定期更换油。,N
113,GW4,T2057,“阿尔法·罗密欧V6发动机”是用钢块制造的。,C
114,GW52,T2057,阿尔法·罗密欧V6已经生产了四分之一世纪。,E
115,GW52,T2057,阿尔法·罗密欧的V6发动机被用于多个车辆。,N
116,GW52,T2057,V6的扭矩超过了225磅英尺。,C
117,GW74,T2058,“Altostratus undulatus云”是波浪层云,E
118,GW74,T2058,“Altostratus undulatus云”总是在2400-6100米的高度找到,N
119,GW74,T2058,“Altostratus undulatus云”是形成降雨的低云。,C
120,GW105,T2058,altostratus倾向于看起来皱纹。,E
121,GW105,T2058,阿尔托斯特拉图斯云在15000英尺的高度出现。,N
122,GW105,T2058,altostratus云通常意味着会有飓风。,C
123,GW52,T2058,AS升至8000英尺以上的高度。,E
124,GW52,T2058,云有分类系统。,N
125,GW52,T2058,降雨是由 AS 云保证的。,C
126,GW19,T2059,"虽然B.R. Ambedkar的生日在印度是公认的,但它不是一个宗教节日。",E
127,GW19,T2059,Babasaheb Ambedkar博士被认为是印度宪法的作者。,N
128,GW19,T2059,Babasaheb Ambedkar博士是巴基斯坦主要民族主义运动的领导者。,C
129,GW63,T2059,“Ambedkar Jayanti”在4月14日与Ashok Vijaya Dashmi一起庆祝,E
130,GW63,T2059,"B. R,Ambedkar也被称为Bhim",N
131,GW63,T2059,B. R. Ambedkar 出生于 5 月,C
132,GW86,T2059,每年都會出現「阿貝德卡·吉安蒂」。,E
133,GW86,T2059,“Ambedkar Jayanti”纪念了一位医生的生日。,N
134,GW86,T2059,“安贝德卡·贾安蒂”是一个宗教节日。,C
135,GW52,T2060,“安吉丽娜”成立于20世纪初。,E
136,GW52,T2060,“安吉丽娜”提供多种食物。,N
137,GW52,T2060,“安吉丽娜”已经经历了五个不同的主人。,C
138,GW74,T2060,226 Rue de Rivoli 在巴黎,E
139,GW74,T2060,Groupe Bertrand 住在巴黎,N
140,GW74,T2060,Antoine Rumpelmayer取代了伯特兰集团作为所有者,C
141,GW4,T2060,“安吉丽娜”于100多年前首次亮相。,E
142,GW4,T2060,“安吉丽娜”被认为是法国吃饭的最佳地方之一。,N
143,GW4,T2060,“安吉丽娜”只有一个主要位置。,C
144,GW86,T2061,“苹果I”是一系列计算机之一。,E
145,GW86,T2061,“苹果I”有磁盘驱动器。,N
146,GW86,T2061,“苹果I”在推出时花费超过2000美元。,C
147,GW52,T2061,“苹果I”的生产时间不到两年。,E
148,GW52,T2061,“苹果I”是苹果开发的第一个模型。,N
149,GW52,T2061,“苹果I”在发布时是一个便宜的计算机。,C
150,GW28,T2061,“苹果I”在市场上已经不到两年了。,E
151,GW28,T2061,“苹果I”配备了两个玩游戏的子。,N
152,GW28,T2061,"“苹果I”被引入,并在同一年停止生产。",C
153,GW28,T2062,“Argon”已被称为一百多年来。,E
154,GW28,T2062,“”在吸入时是致命的。,N
155,GW28,T2062,“Argon”的熔点和沸点是相同的。,C
156,GW74,T2062,熔点比沸点高出4°C。,E
157,GW74,T2062,原子数是每个壳的电子的总和,N
158,GW74,T2062,关键点正好是三重点的两倍,C
159,GW52,T2062,“阿贡”是第一个被发现的20个元素之一。,E
160,GW52,T2062,“Argon”至今仍常用。,N
161,GW52,T2062,“阿尔贡”在20世纪被发现。,C
162,GW28,T2063,“阿斯塔丁”在20世纪上半叶被多个人发现。,E
163,GW28,T2063,“阿斯塔丁”是在野外时意外发现的。,N
164,GW28,T2063,“阿斯塔丁”是以发现该元素的科学家之一命名的。,C
165,GW4,T2063,“阿斯塔丁”可以在周期表中找到。,E
166,GW4,T2063,“阿斯塔丁”在被点燃时发光。,N
167,GW4,T2063,“阿斯塔丁”以非常反应性而闻名。,C
168,GW95,T2063,“阿斯塔丁”在 Run Down 元素中发现。,E
169,GW95,T2063,它被三名意大利人发现。,N
170,GW95,T2063,“阿斯塔丁”可在干净的表面上找到。,C
171,GW95,T2064,“自闭症”通常在婴儿帽期间被诊断出来。,E
172,GW95,T2064,大多数自闭症患者因为他们的沟通问题而受到欺凌。,N
173,GW95,T2064,“自闭症”是用枪来治疗的。,C
174,GW52,T2064,“自闭症”每年影响近2500万人。,E
175,GW52,T2064,"多年来,“自闭症”的发病率一直在上升。",N
176,GW52,T2064,“自闭症”只持续了几个月。,C
177,GW4,T2064,“自闭症”是一种表现幼儿症状的疾病。,E
178,GW4,T2064,患有“自闭症”的人通常会遇到与他人交谈的困难。,N
179,GW4,T2064,患有“自闭症”的人通常会被它杀死。,C
180,GW19,T2065,纽约市交通局运营的MTA NYC巴士系统的一部分B25福顿街线每年有超过250万乘客。,E
181,GW19,T2065,B25公交车线是纽约市公交车系统中使用量最多的公交车线之一。,N
182,GW19,T2065,B25公交车线从上西侧运行到斯坦顿岛。,C
183,GW106,T2065,“b25 Fulton街线”在布鲁克林的约克街上行驶。,E
184,GW106,T2065,b25公交车一直住在他东纽约仓库。,N
185,GW106,T2065,MTA 限制 b5 Fulton 街道线的运行到白天到晚上。,C
186,GW86,T2065,“B25 Fulton街道线”每天24小时运行。,E
187,GW86,T2065,“B25 Fulton街线”在其大部分路线上运行在Fulton街上。,N
188,GW86,T2065,"“B25 Fulton街道线”从百老汇通道开始,在前街结束。",C
189,GW52,T2066,“B48洛里默街”每年帮助超过100万人旅行。,E
190,GW52,T2066,“B48洛里默街”仍然提供街车服务。,N
191,GW52,T2066,“B48洛里默街”只在白天开通。,C
192,GW84,T2066,Fresh Pond Depot位于布鲁克林。,E
193,GW84,T2066,每年在B48洛里摩尔街有超过200万的赞助商。,N
194,GW84,T2066,只有巴士停在Fresh Pond Depot。,C
195,GW74,T2066,“b48 Lorimer街”在1884年没有使用诺瓦公交车RTS-06,E
196,GW74,T2066,“B48洛里默街”于1947年开始使用Orion VII。,N
197,GW74,T2066,“b48 Lorimer街”从同一个社区开始和结束,C
198,GW52,T2067,“B63第五大道线”是在19世纪开发的。,E
199,GW52,T2067,"多年来,B63第五大道线的长度发生了变化。",N
200,GW52,T2067,“b63第五大道线”的年使用率超过500万。,C
201,GW106,T2067,B63线的长度不到6英里。,E
202,GW106,T2067,B63第五大道线是布鲁克林每年最受欢迎的路线。,N
203,GW106,T2067,B63第五大道线上的最后一趟接送将于11点59分从6号码头出发。,C
204,GW28,T2067,"“b63 Fifth Avenue Line”是一条公交车路线,在纽约布鲁克林市一百多年前开始运营。",E
205,GW28,T2067,“B63第五大道线”已在非峰值时间降价。,N
206,GW28,T2067,“b63 Fifth Avenue Line”也为昆士州的社区提供服务。,C
207,GW52,T2068,“B69 Vanderbilt Avenue Line”每年有超过一百万人乘坐它。,E
208,GW52,T2068,“b69 Vanderbilt Avenue Line”已经进行了深夜操作的实验。,N
209,GW52,T2068,“B69范德比尔特大道线”于1950年暂时关闭。,C
210,GW106,T2068,B69 Vanderbilt Avenue Line的最后一站位于布鲁克林市中心。,E
211,GW106,T2068,B69线是1956年世界系列赛期间最受欢迎的运输方式。,N
212,GW106,T2068,"2017年,超过150万客户乘坐了B69。",C
213,GW1,T2068,“B69 Vanderbilt Avenue Line”于19世纪开始运营。,E
214,GW1,T2068,“b69 Vanderbilt Avenue Line”一直在提供转会服务。,N
215,GW1,T2068,"19世紀中期,“B69 Vanderbilt Avenue Line”停止運作。",C
216,GW52,T2069,“Bandra Worli Sea Link”建造始于20年前。,E
217,GW52,T2069,“Bandra Worli Sea Link”是一个非常受欢迎的收费站。,N
218,GW52,T2069,海上链接对所有车辆都有平坦的收费。,C
219,GW74,T2069,“班达沃利海链”大约10年内建成,E
220,GW74,T2069,MSRDC聘请Seshadri Srinivasan设计“Bandra Worli Sea Link”,N
221,GW74,T2069,“Bandra Worli Sea Link”建成一年后开通。,C
222,GW106,T2069,“Bandra Worli Sea Link”由同一家公司拥有和维护。,E
223,GW106,T2069,大多数乘坐“Bandra Worli Sea Link”的司机支付的费用平均为160美元。,N
224,GW106,T2069,“班德拉·沃利海路连接”的建设发生在两个不同的十年。,C
225,GW4,T2070,“贝尔瘫痪”是一种人们可以克服的疾病。,E
226,GW4,T2070,疾病“贝尔瘫痪”是相当常见的。,N
227,GW4,T2070,“贝尔瘫痪”是一种最终杀死人们的疾病。,C
228,GW52,T2070,贝尔的瘫痪是一种罕见的状况。,E
229,GW52,T2070,贝尔的瘫痪可能会复发。,N
230,GW52,T2070,贝尔的瘫痪是一种终身的疾病。,C
231,GW28,T2070,“贝尔瘫痪”是一种临时但痛苦和尴尬的神经疾病。,E
232,GW28,T2070,“贝尔瘫痪”主要影响老年成年男性。,N
233,GW28,T2070,“贝尔瘫痪”是一种可以管理的终身痛苦。,C
234,GW28,T2071,“贝尔坦”是庆祝夏季开始的年度文化观察活动。,E
235,GW28,T2071,"“Beltane”被许多其他团体庆祝,不论宗教或信仰。",N
236,GW28,T2071,“贝尔坦”是一个半年度的基督教庆祝活动,C
237,GW52,T2071,“Beltane”意味着季节的变化。,E
238,GW52,T2071,“Beltane”是“五月日”一词的开始。,N
239,GW52,T2071,“Beltane”在世界各地发生在5月1日。,C
240,GW74,T2071,“贝尔坦”将于5月1日庆祝夏天的开始,E
241,GW74,T2071,温哥华人通常点燃火焰来庆祝“贝尔坦”,N
242,GW74,T2071,夏天的开始在南半球庆祝6月,C
243,GW52,T2072,“双极性障碍”有不同的类型。,E
244,GW52,T2072,“双极性障碍”的频率正在增加。,N
245,GW52,T2072,“双极性障碍”发生在中年。,C
246,GW105,T2072,"“双极性障碍”是一种罕见的疾病,影响人口的一小部分。",E
247,GW105,T2072,大多数双极障碍的病例是由于遗传。,N
248,GW105,T2072,儿童最容易患双极性障碍。,C
249,GW74,T2072,“双极性障碍”的风险因素比原因多,E
250,GW74,T2072,儿童虐待的25岁男孩将发展“双极性障碍”,N
251,GW74,T2072,有更多的并发症比症状,C
252,GW1,T2073,宝马3系列首次在21世纪的第二十年生产。,E
253,GW1,T2073,汽油涡轮增压的BMW 3系列被专家认为优于柴油涡轮增压的BMW 3系列。,N
254,GW1,T2073,宝马3系列有3位主要设计师。,C
255,GW28,T2073,"宝马3系列是一款德国汽车,在多个不同国家组装。",E
256,GW28,T2073,宝马3系列是宝马最负担得起的车类。,N
257,GW28,T2073,BMW 3 系列是由电池驱动的 theri SUV 产品。,C
258,GW52,T2073,"宝马3系列,F版,近十年的生产。",E
259,GW52,T2073,BMW 3 系列的 F 型号是 3 系列的最后一款。,N
260,GW52,T2073,BMW 3 系列的 F 型号为每辆车配备了两个设计师。,C
261,GW4,T2074,脑肿瘤通常最终导致每年超过20万人死亡。,E
262,GW4,T2074,脑肿瘤可以及时去除。,N
263,GW4,T2074,超过一半患有脑肿瘤的人会活下来。,C
264,GW28,T2074,"脑肿瘤的治疗是多样化的,并与药物一起进行。",E
265,GW28,T2074,诊断大脑肿瘤的最流行的方法是进行组织生物检。,N
266,GW28,T2074,大脑肿瘤通常在诊断后几个月内致命。,C
267,GW52,T2074,大脑肿瘤发生在100多万患者中。,E
268,GW52,T2074,"多年来,脑肿瘤的预测变得更好。",N
269,GW52,T2074,任何患有脑肿瘤的人都会死于它。,C
270,GW1,T2075,"截至2015年,已有超过200万人患有乳腺癌。",E
271,GW1,T2075,"统计上,医生更喜欢手术,而不是放射治疗作为乳腺癌的治疗。",N
272,GW1,T2075,2018年有超过100万人死于乳腺癌。,C
273,GW74,T2075,2018年死亡率超过了2015年受影响的四分之一。,E
274,GW74,T2075,肥胖导致乳房形状变化,N
275,GW74,T2075,症状多于风险因素,C
276,GW52,T2075,“乳腺癌”每年影响超过200万人。,E
277,GW52,T2075,“乳腺癌”发生在男性中。,N
278,GW52,T2075,“乳腺癌”的生存率很低。,C
279,GW4,T2076,“布罗米因”的质量大于70。,E
280,GW4,T2076,矿物质“布罗米因”是众所周知的。,N
281,GW4,T2076,“布罗米因”在1900年代首次被发现。,C
282,GW52,T2076,“布罗明”是第一个被发现的50个元素之一。,E
283,GW52,T2076,“Bromine”是高度波动的。,N
284,GW52,T2076,“布罗米因”在18世纪被发现。,C
285,GW86,T2076,“布罗米因”在十九世纪首次被发现。,E
286,GW86,T2076,“布罗米素”最常以液态形式出现。,N
287,GW86,T2076,“Bromine”是碱性。,C
288,GW60,T2077,约翰·奥古斯图斯·罗布林(John Augustus Roebling)知道如何设计悬挂/电缆停留的混合桥梁。,E
289,GW60,T2077,布鲁克林大桥是唯一穿越东河的桥梁。,N
290,GW60,T2077,“布鲁克林大桥”比它的长度更高。,C
291,GW4,T2077,"“布鲁克林大桥”已被更新,以增加多年的容量。",E
292,GW4,T2077,“布鲁克林大桥”缓解了布鲁克林的交通拥堵。,N
293,GW4,T2077,"要使用“布鲁克林大桥”,司机必须花钱。",C
294,GW106,T2077,布鲁克林大桥从1883年起连接曼哈顿与布鲁克林。,E
295,GW106,T2077,“布鲁克林大桥”在其最长的航程中达到其最高点。,N
296,GW106,T2077,“布鲁克林大桥”从曼哈顿到斯坦顿岛至少跨过一个水域。,C
297,GW105,T2078,佛教徒在春天庆祝佛陀的生日。,E
298,GW105,T2078,“佛陀的生日”发生在4月比不经常。,N
299,GW105,T2078,佛陀的生日是冬季节假日。,C
300,GW107,T2078,“佛陀的生日”在许多文化和国家都被庆祝。,E
301,GW107,T2078,“佛陀的生日”只在亚洲庆祝。,N
302,GW107,T2078,“佛陀的生日”每年都在同一天庆祝。,C
303,GW52,T2078,“佛陀的生日”在亚洲部分地区被广泛庆祝。,E
304,GW52,T2078,“佛陀的生日”可以由亚洲以外的人庆祝。,N
305,GW52,T2078,"佛陀的生日,每年都在同一天。",C
306,GW4,T2079,“燃烧的人”已经持续了30多年。,E
307,GW4,T2079,“燃烧的人”每年都在同一个地方举行。,N
308,GW4,T2079,“燃烧的人”每年发生几次。,C
309,GW89,T2079,每年在内华达州举行的“燃烧人”节。,E
310,GW89,T2079,拉里·哈维负责该事件。,N
311,GW89,T2079,"1976年,“燃烧人”节开始举办。",C
312,GW1,T2079,《燃烧的人》于1986年夏天开幕。,E
313,GW1,T2079,燃烧的人总是有大约50至70千人出席。,N
314,GW1,T2079,"2019年,“燃烧的人”在春天。",C
315,GW12,T2080,“心脏停止”发生在老年人没有发现脉冲时。,E
316,GW12,T2080,“心脏停止”可能涉及失去意识和非常低的。,N
317,GW12,T2080,心脏停止的生存率在医院以外的人中更高。,C
318,GW86,T2080,心脏停止的死亡率从75%到90%。,E
319,GW86,T2080,减肥会降低心脏停止的风险。,N
320,GW86,T2080,医院内心脏病死亡率高于医院外死亡率。,C
321,GW28,T2080,“心脏停止”是一种心脏停止运作和生存的机会很低的医疗条件。,E
322,GW28,T2080,“心脏停止”发生在男性比女性更多。,N
323,GW28,T2080,“心脏停止”在医院以外的所有情况下都是致命的。,C
324,GW52,T2081,“”需要时间来发展。,E
325,GW52,T2081,“”是完全可以预防的。,N
326,GW52,T2081,“疮”只发生在几十万人中。,C
327,GW28,T2081,"数以百万计的人患有疮,但可以治疗。",E
328,GW28,T2081,“疮”是昂贵的治疗。,N
329,GW28,T2081,“疮”并不常见或被理解。,C
330,GW86,T2081,“疮”可以用多于一种方法治疗。,E
331,GW86,T2081,“疮”通常会导致失明。,N
332,GW86,T2081,“卡塔拉”突然发生。,C
333,GW105,T2082,"“脑瘫”是一种童年疾病,持续一辈子。",E
334,GW105,T2082,最有效的治疗方法是外科手术。,N
335,GW105,T2082,“脑瘫”影响近四分之一的人口。,C
336,GW74,T2082,"协调不良,通常首先发生在儿童时期,是由于“脑瘫”",E
337,GW74,T2082,硬肌肉总是伴随着癫痫发作,N
338,GW74,T2082,有更多的并发症比症状,C
339,GW28,T2082,"“脑瘫”是一种神经疾病,在童年早期出现。",E
340,GW28,T2082,“脑瘫”与疫苗接种有关。,N
341,GW28,T2082,“脑瘫”在到达成年之前可以治愈。,C
342,GW52,T2083,“Cerium”在1830年代首次被发现。,E
343,GW52,T2083,“Cerium”目前已被广泛使用。,N
344,GW52,T2083,“Cerium”是第一个被发现的20个元素之一。,C
345,GW28,T2083,发现后隔离“Cerium”花了35年时间。,E
346,GW28,T2083,“Cerium”是欧洲人首先发现的。,N
347,GW28,T2083,“Cerium”是以发现该元素的科学家之一命名的。,C
348,GW4,T2083,“Cerium”在能够被孤立之前被发现。,E
349,GW4,T2083,元素“Cerium”以非常反应性而闻名。,N
350,GW4,T2083,元素“Cerium”是以发现它的人命名的。,C
351,GW86,T2084,“中国新年”通常在2月20日或之前庆祝。,E
352,GW86,T2084,“中国新年”的庆祝人数比非中国人多。,N
353,GW86,T2084,“中国新年”每年都在同一天庆祝。,C
354,GW105,T2084,“中国新年”发生在春天。,E
355,GW105,T2084,佛教徒庆祝“中国新年”比道教徒多。,N
356,GW105,T2084,“中国新年”每年都庆祝同一种动物。,C
357,GW52,T2084,2019年“中国新年”的标志是猪。,E
358,GW52,T2084,“中国新年”对每个人来说都是一样的传统。,N
359,GW52,T2084,“中国新年”每两年都有同样的动物。,C
360,GW28,T2085,圣诞节是许多非基督徒也庆祝的基督教节日。,E
361,GW28,T2085,圣诞节是世界上最受庆祝的节日。,N
362,GW28,T2085,圣诞节在12月25日被普遍庆祝。,C
363,GW52,T2085,圣诞节是一个普遍庆祝的节日。,E
364,GW52,T2085,圣诞节在世界各地都有相同的传统。,N
365,GW52,T2085,圣诞节对每个人来说都是在同一天。,C
366,GW107,T2085,圣诞节每年都会庆祝。,E
367,GW107,T2085,圣诞节只有白人庆祝。,N
368,GW107,T2085,圣诞节是佛陀的生日。,C
369,GW4,T2086,“2.2和2.5发动机”被AMC发动机取代。,E
370,GW4,T2086,有数百万的“2.2和2.5发动机”生产。,N
371,GW4,T2086,“2.2 & 2.5 发动机”是用柴油驱动的。,C
372,GW74,T2086,Piston 冲击比 Cylinder 冲击更长,E
373,GW74,T2086,1995年生产的大多数“2.2 和 2.5 发动机”都具有多点燃料喷射。,N
374,GW74,T2086,支柱冲击最长20毫米比气缸钻井更长,C
375,GW63,T2086,克莱斯勒 2.2 和 2.5 发动机的块材料和头部材料不同。,E
376,GW63,T2086,单点燃料注入仅用于克莱斯勒 2.2 和 2.5 发动机。,N
377,GW63,T2086,克莱斯勒内线2.2发动机的生产至今仍在继续,C
378,GW28,T2087,“辛辛那提贝尔连接器”是位于俄亥俄州辛辛那提的电动路车线。,E
379,GW28,T2087,“辛辛那提贝尔连接器”每辆街头车可容纳一百名乘客。,N
380,GW28,T2087,“辛辛那提贝尔连接器”运行柴油。,C
381,GW106,T2087,“辛辛那提铃声连接器”于2016年夏天开通。,E
382,GW106,T2087,“辛辛那提钟连接器”完全在辛辛那提市内运作。,N
383,GW106,T2087,“Cincinnati Bell Connector”由同一公司或管理机构拥有和运营。,C
384,GW74,T2087,有更多的站点比有服务的“Cincinnati Bell Connector”,E
385,GW74,T2087,"当“辛辛那提钟连接器”于2016年9月9日开通时,有18个站点",N
386,GW74,T2087,线路数等于站数。,C
387,GW28,T2088,“民事服务考试”是印度毕业生和希望担任公务员的公民的标准化考试。,E
388,GW28,T2088,男性接受“民事服务考试”比女性多。,N
389,GW28,T2088,“民事服务考试”向所有申请者开放。,C
390,GW1,T2088,“民事服务考试”首次在20世纪上半叶颁发。,E
391,GW1,T2088,英语是“民事服务考试”的第一部分。,N
392,GW1,T2088,“民事服务考试”每半年提供。,C
393,GW52,T2088,“民事服务考试”可以追溯到20世纪20年代。,E
394,GW52,T2088,“民事服务考试”每年都有较高的参加率。,N
395,GW52,T2088,对“民事服务考试”的资格率很高。,C
396,GW1,T2089,临床制药科学家有很多相关的工作。,E
397,GW1,T2089,一位临床制药科学家最初被称为药剂师科学家。,N
398,GW1,T2089,临床制药科学家只需要学士学位。,C
399,GW52,T2089,“临床制药科学家”需要多种能力。,E
400,GW52,T2089,“临床制药科学家”在可用就业岗位方面正在上升。,N
401,GW52,T2089,“临床制药科学家”仅涵盖学术领域。,C
402,GW28,T2089,需要高水平的教育才能成为“临床制药科学家”,E
403,GW28,T2089,“临床医药科学家”是一个高薪的职业。,N
404,GW28,T2089,“临床制药科学家”只在学术界就业。,C
405,GW106,T2090,现代小丑源自中世纪的法庭小丑。,E
406,GW106,T2090,大多数小丑都是模特。,N
407,GW106,T2090,"今天,小丑被委托只在马戏团表演。",C
408,GW52,T2090,“小丑”自从美国第一任总统以来一直存在。,E
409,GW52,T2090,“小丑”在过去的几年中越来越受欢迎。,N
410,GW52,T2090,“小丑”与任何以前的行为无关。,C
411,GW60,T2090,是米米的祖先。,E
412,GW60,T2090,喜剧演员存在于19世纪。,N
413,GW60,T2090,“小丑”总是涉及到说话。,C
414,GW4,T2091,J4 学院公园 - 贝塞斯达 MetroExtra 线每天运行超过 20 次。,E
415,GW4,T2091,J4 College Park–Bethesda MetroExtra线路为人们节省了大量的旅行时间。,N
416,GW4,T2091,J4 College Park–Bethesda MetroExtra线是一条火车线。,C
417,GW12,T2091,"J4大学公园–贝塞斯达地铁Extra线是Metrobus系统的一部分,是蒙哥马里的车库。",E
418,GW12,T2091,J4学院公园 - 贝塞斯达地铁Extra线于2002年底开始运营。,N
419,GW12,T2091,J4 学院公园 - 贝塞斯达 MetroExtra 线路全天通行。,C
420,GW52,T2091,J4大学公园 - 贝塞斯达地铁Extra线每20分钟运行一次。,E
421,GW52,T2091,J4 学院公园 - 贝塞斯达 MetroExtra 线从未经过翻新。,N
422,GW52,T2091,J4 学院公园 - 贝塞斯达 MetroExtra 线路全天运行。,C
423,GW28,T2092,"16G, 16H 哥伦比亚皮克 - 五角大楼城市线是一条服务华盛顿特区地铁区的巴士路线。",E
424,GW28,T2092,"16G, 16H 哥伦比亚皮克 - 五角大楼市线在所有公交车上都有WiFi。",N
425,GW28,T2092,"16G, 16H 哥伦比亚皮克 - 五角大楼市线是 24 小时服务仍在运营。",C
426,GW4,T2092,16G、16H哥伦比亚皮克 - 五角大楼城市线每天运行超过20次。,E
427,GW4,T2092,16G、16H 哥伦比亚步道 - 五角大楼城市线帮助人们节省了出行时间。,N
428,GW4,T2092,16G、16H哥伦比亚皮克 - 五角大楼市线目前仍在运行。,C
429,GW52,T2092,16G、16H 哥伦比亚皮克 - 五角大楼城市线于2003年开始运营。,E
430,GW52,T2092,16G、16H 哥伦比亚步道 - 五角大楼城市线路有相同的轨道长度。,N
431,GW52,T2092,两条16G、16H哥伦比亚皮克和五角大楼城市线路仍在运营。,C
432,GW63,T2093,"从2018年到2021年,“哥伦布日”在10月15日之前被观察到",E
433,GW63,T2093,“哥伦布日”仅在10月举行,N
434,GW63,T2093,“哥伦布日”在2018年被观察过两次,C
435,GW1,T2093,“哥伦布日”每年发生一次。,E
436,GW1,T2093,“哥伦布日”在美国开始庆祝。,N
437,GW1,T2093,第一次“哥伦布日”是在1492年庆祝的。,C
438,GW19,T2093,"克里斯托弗·哥伦布,被称为“哥伦布日”的探险家,来自意大利。",E
439,GW19,T2093,“哥伦布日”一直在10月份庆祝。,N
440,GW19,T2093,“哥伦布日”标志着夏天的非正式结束。,C
441,GW52,T2094,CAT 有负范围值。,E
442,GW52,T2094,猫发生在整个亚洲。,N
443,GW52,T2094,猫的成绩是好一辈子。,C
444,GW106,T2094,“共同入学考试”在印度300多个地点提供。,E
445,GW106,T2094,CAT考试通常在每年12月进行。,N
446,GW106,T2094,CAT考试是所有希望参加研究生院的印度本科生所要求的。,C
447,GW28,T2094,"“通用入学考试”是印度标准化的考试,用于入学印度商学院。",E
448,GW28,T2094,“通用入学考试”比美国使用的GMAT考试更难。,N
449,GW28,T2094,“共同入学考试”是由美国商学院接受的。,C
450,GW106,T2095,每年至少有300万人可以通过简单的洗手来预防粉红眼睛。,E
451,GW106,T2095,粉红眼是眼科医生每年最常诊断的疾病。,N
452,GW106,T2095,与粉红眼睛相关的症状在美国可持续长达一个月。,C
453,GW4,T2095,“关节炎”导致人们眼睛的颜色改变。,E
454,GW4,T2095,“关节炎”可以很容易地传染给人。,N
455,GW4,T2095,“关节炎”最终杀死了大多数被感染的人,C
456,GW28,T2095,“关节炎”是一种影响眼睛的医疗条件。,E
457,GW28,T2095,“关节炎”可以从一个人传染给另一个人。,N
458,GW28,T2095,"“关节炎”是遗传的,并从父母传给孩子。",C
459,GW4,T2096,“克罗恩病”是一种导致胃部问题的东西。,E
460,GW4,T2096,“克罗恩病”导致人们早死。,N
461,GW4,T2096,“克罗恩病”可以通过烟草治愈。,C
462,GW28,T2096,"“克罗恩病”可能出现在年轻成年人身上,涉及腹痛和腹泻",E
463,GW28,T2096,“克罗恩病”不成比例地影响男性比女性。,N
464,GW28,T2096,“克罗恩病”可以用药物快速治愈。,C
465,GW52,T2096,“克罗恩病”在20年代有一个常见的开始。,E
466,GW52,T2096,“克罗恩病”多年来出现频率增加。,N
467,GW52,T2096,“克罗恩病”的人没有更短的预期寿命。,C
468,GW86,T2097,Cumulonimbus云通常与雨有关。,E
469,GW86,T2097,Calvus云是最常见的 cumulonimbus云。,N
470,GW86,T2097,Cumulonimbus云在多个品种中被发现。,C
471,GW4,T2097,一个“Cumulonimbus云”通常在5万英尺以下。,E
472,GW4,T2097,一个“Cumulonimbus云”可能经常有雨。,N
473,GW4,T2097,一个“Cumulonimbus云”通常靠近太空。,C
474,GW12,T2097,"“Cumulonimbus Cloud”,来自Cumulonimbus类,缩写为Cb。",E
475,GW12,T2097,C 家族是“Cumulonimbus Cloud”的高级分类。,N
476,GW12,T2097,“Cumulonimbus云”与降水水平较低有关。,C
477,GW12,T2098,“库辛症候群”每年至少影响200万人。,E
478,GW12,T2098,肾上腺皮质症需要20到50年才能在一个人身上出现。,N
479,GW12,T2098,内分泌学是 hypercortisolism 的另一个名称。,C
480,GW105,T2098,寻求“库辛症候群”护理的患者应该去看内分泌学家。,E
481,GW105,T2098,大多数患有“库辛症候群”的人都有疮。,N
482,GW105,T2098,“库辛症候群”在儿童中最常见。,C
483,GW28,T2098,"数以百万计的人受到“库辛症候群”的影响,但可以成功治疗。",E
484,GW28,T2098,“库辛症候群”的治疗非常实惠。,N
485,GW28,T2098,"“库辛症候群”主要影响儿童,致命。",C
486,GW86,T2099,一个新的版本的“Debian”已经发布在过去的一年。,E
487,GW86,T2099,每年9月份都会发布一个新的“Debian”版本。,N
488,GW86,T2099,“Debian”与十多个平台兼容。,C
489,GW74,T2099,最新发布的“Debian”发生在同一个月与最初的发布,E
490,GW74,T2099,“Debian”于1993年以75种语言提供。,N
491,GW74,T2099,10.1(Buster)在最初发布25年后发布,C
492,GW19,T2099,开放源代码的Linux操作系统Deiban的版本10.1在全球范围内使用。,E
493,GW19,T2099,开源 Linux 操作系统 Deiban 的版本 10.1 提供了印度语语言支持。,N
494,GW19,T2099,2019年9月发布的第十一版Deiban是iPhone的默认操作系统。,C
495,GW4,T2100,“迪士尼天空”于2019年第三季度开业。,E
496,GW4,T2100,“迪士尼天空飞机”每小时移动超过20英里。,N
497,GW4,T2100,“迪士尼天空人”在迪士尼。,C
498,GW28,T2100,“迪士尼天空飞机”是一个在美国运行的过境系统,E
499,GW28,T2100,“迪士尼天空飞机”上的1个大猩猩可以同时容纳10人。,N
500,GW28,T2100,“迪士尼天空”已经在世界各地的多家迪士尼世界公园运行了十多年。,C
501,GW1,T2100,“迪士尼天空”于2019年秋季开幕。,E
502,GW1,T2100,“迪士尼天空飞机”是第一个使用DoppelmayrGaraventa集团系统的。,N
503,GW1,T2100,“迪士尼天空飞机”位于美国西海岸。,C
504,GW86,T2101,“迪瓦利”有时也被其他名字所称。,E
505,GW86,T2101,“迪瓦利”通常在10月观察到。,N
506,GW86,T2101,“迪瓦利”每年都在同一日期观察。,C
507,GW1,T2101,“迪瓦利”在下跌中庆祝。,E
508,GW1,T2101,“迪瓦利”在历史上首次被称为Deepavali。,N
509,GW1,T2101,“迪瓦利”与十多种其他节日直接相关。,C
510,GW12,T2101,“迪瓦利”是一些佛教徒观察的宗教节日。,E
511,GW12,T2101,"Deepavali是一个季节性的假期,用家居装饰和礼物庆祝。",N
512,GW12,T2101,2019年“Diwali”的日期都发生在10月初。,C
513,GW12,T2102,"“唐吉节”是中国人观察的节日,也被称为唐节。",E
514,GW12,T2102,“唐吉节”是每年12月举行的庆祝活动。,N
515,GW12,T2102,“唐吉节”是十二月第一周冬至的节日。,C
516,GW52,T2102,唐吉是祖先的庆祝活动。,E
517,GW52,T2102,Dongzhi已经存在了几个世纪。,N
518,GW52,T2102,节日每年从同一天开始。,C
519,GW28,T2102,“唐吉节”是每年庆祝冬至的节日。,E
520,GW28,T2102,“唐吉节”已经庆祝了数千年。,N
521,GW28,T2102,“唐吉节”在亚洲和欧洲都被庆祝。,C
522,GW52,T2103,“唐氏症候群”每年导致25000多人死亡。,E
523,GW52,T2103,"多年来,“下达综合征”频率不断上升。",N
524,GW52,T2103,“唐氏症候群”每年影响1000万人。,C
525,GW106,T2103,“唐氏症候群”是一种染色体疾病。,E
526,GW106,T2103,大多数“达尔综合征”病例发生在母亲出生时超过40岁时。,N
527,GW106,T2103,"“唐氏症候群”是如此罕见,以至于它只发生在家庭一代的一个孩子身上。",C
528,GW4,T2103,“唐氏症候群”位于21号染色体上。,E
529,GW4,T2103,“唐氏症候群”通常通过精子传播,N
530,GW4,T2103,“唐氏症候群”最终影响了世界上1%的人。,C
531,GW12,T2104,位于德国的杜伊斯堡 - 奎肯布鲁克铁路也被称为杜伊斯堡 - 奎肯布鲁克铁路。,E
532,GW12,T2104,"拥有173公里长的线路,杜伊斯堡 - 奎肯布鲁克铁路有不到四条线路编号与它相关联。",N
533,GW12,T2104,杜伊斯堡 - 奎肯布鲁克铁路的路号小于其线路长度。,C
534,GW86,T2104,杜伊斯堡 - 奎肯布鲁克铁路上的列车由一台电源供电。,E
535,GW86,T2104,杜伊斯堡 - 奎肯布鲁克铁路通过德国的五个城市。,N
536,GW86,T2104,杜伊斯堡 - 奎肯布鲁克铁路线长173英里。,C
537,GW52,T2104,杜伊斯堡 - 奎肯布鲁克铁路长达100英里。,E
538,GW52,T2104,杜伊斯堡 - 奎肯布鲁克铁路是一条电动铁路。,N
539,GW52,T2104,杜伊斯堡 - 奎肯布鲁克铁路速度为 60 英里 / 小时。,C
540,GW106,T2105,"一旦听力和 / 或视力问题被排除,少于10%的读书困难的学龄儿童患有 dyslexia。",E
541,GW106,T2105,大多数被诊断为 dyslexia的儿童同时也患有ADHD。,N
542,GW106,T2105,“ dyslexia”可以通过使用某些药物来治疗。,C
543,GW74,T2105,阅读困难的症状通常在学龄期间首次出现,E
544,GW74,T2105,注意力赤字超活性障碍会导致阅读困难,N
545,GW74,T2105,“ dyslexia”发生在10%的学龄儿童中,C
546,GW95,T2105,人们通常在毕业前被诊断出 dyslexia。,E
547,GW95,T2105,dyslexic 学生需要一对一的教学方法。,N
548,GW95,T2105,“Dyslexia”可以从人到人传染。,C
549,GW12,T2106,“复活节”是庆祝耶稣复活的宗教节日。,E
550,GW12,T2106,“复活节”鸡蛋装饰是“复活节”庆典的一部分。,N
551,GW12,T2106,庆祝“复活节”的日期在2018年和2019年相同。,C
552,GW1,T2106,“复活节”与十多个其他节日有关。,E
553,GW1,T2106,“复活节”的日期每年都有变化。,N
554,GW1,T2106,“复活节”通常是夏天。,C
555,GW28,T2106,“复活节”每年都有不同的日期。,E
556,GW28,T2106,在“复活节”期间需要参加教会。,N
557,GW28,T2106,“复活节”每年都降在四月。,C
558,GW86,T2107,伊德·菲特尔(Eid al-Fitr)在斋月之后发生。,E
559,GW86,T2107,2020年5月24日将庆祝“伊德尔菲特尔”。,N
560,GW86,T2107,“伊德·菲特尔”每年在同一个月举行。,C
561,GW89,T2107,“伊德尔菲特尔”在2019年发生在不同国家的不同日期。,E
562,GW89,T2107,2020年5月24日和5月25日将举行“伊德菲特尔”。,N
563,GW89,T2107,“伊德菲特尔”标志着斋月的开始。,C
564,GW28,T2107,"对于穆斯林来说,“伊德尔菲特尔”意味着斋月的禁食结束。",E
565,GW28,T2107,“Eid al-Fitr”是用甜蛋糕庆祝的。,N
566,GW28,T2107,伊德·菲特尔(Eid al-Fitr)每年都在同一天举行。,C
567,GW4,T2108,“阿联酋航空”的长度不到一英里。,E
568,GW4,T2108,“阿联酋航空”花了几年时间建造。,N
569,GW4,T2108,“阿联酋航空”每年拥有不到100万名乘客。,C
570,GW106,T2108,“阿联酋航空”完全在英国运营。,E
571,GW106,T2108,"“阿联酋航空”能够实现高达12米/秒的速度,但官方只运行6米/秒。",N
572,GW106,T2108,“阿联酋航空”由格林威治过境管理局运营。,C
573,GW74,T2108,Gondola电梯的线路长度是其最高高度的12倍,E
574,GW74,T2108,该 gondola 达到 300 英尺的中间距离 阿联酋格林威治半岛和阿联酋皇家码头,N
575,GW74,T2108,骑行率为1314783在开幕后10年,C
576,GW28,T2109,"“癫痫”是一种神经疾病,导致无法控制的癫痫发作。",E
577,GW28,T2109,“癫痫”是健康饮食和冥想的可控状态。,N
578,GW28,T2109,“癫痫”可以用油和刺激来治疗。,C
579,GW4,T2109,“癫痫”最终持续一个人的整个生命。,E
580,GW4,T2109,疾病“癫痫”通常可以由患者管理。,N
581,GW4,T2109,疾病“癫痫”总是有一个明确的起点。,C
582,GW89,T2109,至少有6种可能导致癫痫的原因。,E
583,GW89,T2109,癫痫死亡人数每年都在下降。,N
584,GW89,T2109,“癫痫”在80%的患者中可以控制。,C
585,GW1,T2110,所有乘坐“埃塞俄比亚航空302号航班”的乘客都遇难。,E
586,GW1,T2110,“埃塞俄比亚航空302号航班”的调查几乎完成。,N
587,GW1,T2110,埃塞俄比亚航空302号航班在2019年夏天坠毁。,C
588,GW74,T2110,死亡人数比乘客多,E
589,GW74,T2110,埃塞俄比亚航空公司始终使用波音737 MAX 8,N
590,GW74,T2110,船员中没有人是死者的一部分。,C
591,GW19,T2110,"“埃塞俄比亚航空302号航班”是一架国际航班,在起飞后不久坠毁。",E
592,GW19,T2110,埃塞俄比亚航空302航班坠毁是该航空公司历史上最严重的航空事故。,N
593,GW19,T2110,埃塞俄比亚航空公司的制造商Airbus被认为对“埃塞俄比亚航空302航班”的坠毁负责。,C
594,GW28,T2111,“欧洲”是一种自然发生的元素。,E
595,GW28,T2111,“欧洲”由一名欧洲男性科学家发现并孤立。,N
596,GW28,T2111,“Europium”是人造在实验室中合成的。,C
597,GW52,T2111,“Europium”在20世纪的转折点被发现。,E
598,GW52,T2111,“欧洲”是一个常见的元素。,N
599,GW52,T2111,“欧洲”的熔点和沸点是一样的。,C
600,GW86,T2111,“欧洲”是以一个大陆命名的。,E
601,GW86,T2111,“Europium”是由Eugène-Anatole Demarçay命名的。,N
602,GW86,T2111,“Europium”略有酸性。,C
603,GW28,T2112,“进化稳定的战略”最初是由两个人提出的。,E
604,GW28,T2112,"“进化稳定的战略”与进化游戏理论有关,是纳什平衡的一部分。",N
605,GW28,T2112,“进化稳定的战略”包括纳什平衡和完美贝叶斯平衡。,C
606,GW12,T2112,Hawk-dove是进化稳定的策略的一个例子。,E
607,GW12,T2112,“进化稳定战略”是纳什平衡和斯托哈斯稳定平衡的子集。,N
608,GW12,T2112,乔治·R·史密斯提出了进化稳定战略的理念。,C
609,GW86,T2112,“进化稳定的战略”由多个个人提出。,E
610,GW86,T2112,“进化稳定的战略”在提议的潜力完美平衡之前提出。,N
611,GW86,T2112,“进化稳定的战略”与颤抖的完美平衡无关。,C
612,GW12,T2113,"百分之十的人经历爆炸头部综合征,也被称为 episodic cranial sensory shock。",E
613,GW12,T2113,"“爆炸头部综合症”的持续时间很短,原因尚不清楚。",N
614,GW12,T2113,PTSD是爆炸头部综合症的唯一诊断。,C
615,GW28,T2113,“爆炸头部综合征”是一种影响人们入睡或醒来时的医疗状况。,E
616,GW28,T2113,“爆炸头部综合症”患者在醒来时尖叫。,N
617,GW28,T2113,"“爆炸头部综合征”是一种特别致命的疾病,如果不接受治疗。",C
618,GW86,T2113,“爆炸头部综合征”的特点是异常的听觉体验。,E
619,GW86,T2113,“爆炸头部综合征”通常需要治疗。,N
620,GW86,T2113,“爆炸头部综合症”发生在大约四分之一的人口。,C
621,GW52,T2114,“Esther的快”是一个全天事件。,E
622,GW52,T2114,“埃斯特的快樂”被所有實踐的猶太人所觀察。,N
623,GW52,T2114,“爱斯特的快节”每年都发生在同一天。,C
624,GW74,T2114,“Esther的快”在2020年和2019年同一个月,E
625,GW74,T2114,所有犹太人在“埃斯特尔的禁食”期间禁食,N
626,GW74,T2114,2018年日期是2019年日期之后的一个月,C
627,GW4,T2114,“爱斯特的禁食”只持续了一天。,E
628,GW4,T2114,每一个犹太人都遵守“以斯帖的禁食”。,N
629,GW4,T2114,每年“爱斯特的禁食”是同一天。,C
630,GW2,T2115,"肝硬化症的预后是好的,如果提前捕获。",E
631,GW2,T2115,大多数肝炎是由脂肪肝引起的。,N
632,GW2,T2115,肝硬化症影响不到70%的重度饮酒者。,C
633,GW52,T2115,“脂肪肝”有多个类型。,E
634,GW52,T2115,“脂肪肝”不会影响预期寿命。,N
635,GW52,T2115,“脂肪肝”只能由酒精引起。,C
636,GW25,T2115,"肝炎,也被称为脂肪肝,可以通过多种方法进行诊断。",E
637,GW25,T2115,"“脂肪肝”在饮酒者中很突出,戒酒是一种安全的疗法。",N
638,GW25,T2115,"“脂肪肝”通常与大量饮酒有关,但不会导致肝脏病或肝癌。",C
639,GW52,T2116,佛罗林是第一个被发现的十个元素之一。,E
640,GW52,T2116,"今天,佛罗里达被广泛使用。",N
641,GW52,T2116,佛罗林是在18世纪被发现的。,C
642,GW63,T2116,名叫“Fluorine”的人与发现它的人不同。,E
643,GW63,T2116,“氟”可以在固体状态中隔离。,N
644,GW63,T2116,“氟”在STP阶段时是固体的。,C
645,GW25,T2116,“氟”是一种具有alpha、beta Allotropes的反应性非金属。,E
646,GW25,T2116,"虽然安德烈·玛丽·阿姆佩尔(André-Marie Ampère)第一次发现了佛罗林,但亨利·莫伊森(Henri Moissan)第一次对它进行隔离,证明了它在化学学家中获得了认可。",N
647,GW25,T2116,"Humphry Davy命名为Flourine,但Henri Moissan发现了它。",C
648,GW1,T2117,主街地铁站(双系统IRT)于1928年秋季开通。,E
649,GW1,T2117,“主街地铁站(双系统IRT)”始终有2个岛屿平台。,N
650,GW1,T2117,“主街地铁站(双系统IRT)”已经运行了一个多世纪。,C
651,GW86,T2117,主街地铁站有更多的轨道比平台。,E
652,GW86,T2117,主街地铁站建于91年前。,N
653,GW86,T2117,"主街地铁站有更多的平台,而不是轨道。",C
654,GW52,T2117,主街地铁站(双系统IRT)于20世纪开通。,E
655,GW52,T2117,“主街地铁站(双系统IRT)”今天仍在运转。,N
656,GW52,T2117,“主街地铁站(双系统IRT)”穿过纽约。,C
657,GW106,T2118,“Fosters Freeze”的原始总部位于与今天的总部不同的城市。,E
658,GW106,T2118,"Sanjay Patel辞去谷歌首席执行官职位,以便接受“Fosters Freeze”的负责人职位。",N
659,GW106,T2118,“Fosters Freeze”在美国凤凰城的某些商店测试了一种新的草莓短蛋糕软味道。,C
660,GW83,T2118,福斯特的冻结由乔治福斯特创立,E
661,GW83,T2118,有一个Foster的冻结位置在加利福尼亚州帕萨迪纳,N
662,GW83,T2118,福斯特的冷冻成立于好莱坞加州,C
663,GW86,T2118,“Fosters Freeze”总部位于与链子成立的城市不同的城市。,E
664,GW86,T2118,“Fosters Freeze”创始人去世,N
665,GW86,T2118,“Fosters Freeze”在多个州设有餐厅。,C
666,GW52,T2119,“Ganesh Chaturthi”持续了近两周。,E
667,GW52,T2119,“Ganesh Chaturthi”可能在8月份结束。,N
668,GW52,T2119,“Ganesh Chaturthi”被整个亚洲观察到。,C
669,GW28,T2119,"“Ganesh Chaturthi”是一个多天的宗教庆祝活动,每年发生在不同的日子。",E
670,GW28,T2119,"“Ganesh Chaturthi”的传统规定,在遵守期间把钱作为礼物给孩子。",N
671,GW28,T2119,"“Ganesh Chaturthi”是一个单一的节日,从夏天结束开始。",C
672,GW4,T2119,“Ganesh Chaturthi”持续了超过一周。,E
673,GW4,T2119,“Ganesh Chaturthi”已经成为印度教传统的一部分超过1000年。,N
674,GW4,T2119,“Ganesh Chaturthi”每年都发生在同一天。,C
675,GW106,T2120,"“加菲尔德公园分店”在同一个月开业和关闭,隔了63年。",E
676,GW106,T2120,“加菲尔德公园分支”是芝加哥唯一一个存活了两个不同的世纪的快速过境线。,N
677,GW106,T2120,“加菲尔德公园分支机构”完全在伊利诺伊州库克县运营。,C
678,GW74,T2120,“加菲尔德公园分店”在开业的同一个月关闭,E
679,GW74,T2120,“加菲尔德公园分支”在1895年有22个车站,N
680,GW74,T2120,大都会西侧高铁是“加菲尔德公园分支”关闭时的运营商,C
681,GW28,T2120,“加菲尔德公园分支”已有50多年没有运作。,E
682,GW28,T2120,“加菲尔德公园分支”被遗弃和谴责。,N
683,GW28,T2120,“加菲尔德公园分支”服务于中西部的多个州。,C
684,GW52,T2121,“妇女一般考试”只用了十年。,E
685,GW52,T2121,“妇女一般考试”的目的是成为工作的大门。,N
686,GW52,T2121,“妇女一般考试”是在20世纪进行的。,C
687,GW28,T2121,"“妇女一般考试”是一项考试,旨在使妇女在大学获得高等教育资格。",E
688,GW28,T2121,“妇女一般考试”对于想要追求学术生涯的女性来说是必要的。,N
689,GW28,T2121,"“妇女一般考试”是多种语言提供的,一直持续到今天。",C
690,GW74,T2121,“妇女一般考试”开始11年后结束,E
691,GW74,T2121,伦敦大学是1869年唯一拥有“妇女一般考试”的大学。,N
692,GW74,T2121,伦敦大学的“妇女一般考试”持续了20年,C
693,GW28,T2122,“乔治华盛顿大桥”连接纽约州和纽约州。,E
694,GW28,T2122,乔治·华盛顿大桥是世界上最繁忙的桥梁。,N
695,GW28,T2122,“乔治华盛顿大桥”是一座免费的单层钢桥。,C
696,GW52,T2122,GW每天有近30万辆车穿越它。,E
697,GW52,T2122,GW从未被翻新过。,N
698,GW52,T2122,GW 于 19 世纪重新开放。,C
699,GW86,T2122,“乔治华盛顿大桥”位于一个以上的州。,E
700,GW86,T2122,卡车禁止使用“乔治华盛顿大桥”。,N
701,GW86,T2122,"在桥梁建设的开始和桥梁所有部分向公众开放之间,花了不到30年。",C
702,GW28,T2123,“巨细胞动脉炎”主要影响老年人。,E
703,GW28,T2123,“巨细胞动脉炎”使脸部由于炎症而发红。,N
704,GW28,T2123,"“巨细胞动脉炎”影响着数以百万计的老年人,缩短了寿命。",C
705,GW86,T2123,“巨细胞动脉炎”与完全失去视力和心脏问题有关。,E
706,GW86,T2123,“巨细胞动脉炎”仅发生在50岁以上的人身上。,N
707,GW86,T2123,“巨细胞动脉炎”通常会影响一个人的预期寿命。,C
708,GW52,T2123,巨细胞动脉炎通常发生在老年人身上。,E
709,GW52,T2123,霍顿病不会发生在儿童身上。,N
710,GW52,T2123,动脉炎会影响受影响者的预期寿命。,C
711,GW12,T2124,“好星期五”是每年举行的基督教节日。,E
712,GW12,T2124,“好星期五”只有在4月。,N
713,GW12,T2124,"被认为是宗教节日,“好星期五”发生在复活节之后的星期五。",C
714,GW19,T2124,"正如复活节一样,每年的“好星期五”都不是在一个特定的日期。",E
715,GW19,T2124,“好星期五”与复活节的第一天相符。,N
716,GW19,T2124,西方和东方的基督教分支都庆祝基督的复活在同一天。,C
717,GW28,T2124,"“好星期五”是一年一度的宗教庆祝活动,每年发生在不同的日子。",E
718,GW28,T2124,“星期五”是基督徒一年中最神圣的时刻。,N
719,GW28,T2124,“好星期五”是基督徒的节日和大声的遵守。,C
720,GW74,T2125,"成绩评级有效期为3年,从年开始后的31年开始。",E
721,GW74,T2125,印度的学生比美国的学生多。,N
722,GW74,T2125,得分评级有效 3 年 10 年 开始年份,C
723,GW86,T2125,"采取GATE的费用取决于性别,国籍和残疾状态。",E
724,GW86,T2125,GATE 在 2015 年之前被引入。,N
725,GW86,T2125,GATE是一个书面测试。,C
726,GW4,T2125,“毕业生工程能力测试”始于80年代。,E
727,GW4,T2125,该“毕业生技能测试在工程”只发生在印度。,N
728,GW4,T2125,该“研究生技能测试在工程”是免费的学生采取。,C
729,GW52,T2126,几百名学生参加了GMAT。,E
730,GW52,T2126,GMAT一直是主要的入学工具。,N
731,GW52,T2126,GMAT对生活有好处。,C
732,GW106,T2126,GMAT考试有四个部分。,E
733,GW106,T2126,英语专业代表了GMAT考试中最高的完美分数。,N
734,GW106,T2126,具有850以上GMAT成绩的考生最有可能被接受美国高等院校和大学最负盛名的商业课程。,C
735,GW28,T2126,"“研究生管理入学考试”是以英语为基础的考试,用于入学商学院。",E
736,GW28,T2126,“研究生管理入学考试”是欺诈和欺诈证明。,N
737,GW28,T2126,"“研究生管理入学考试”是一项多日制的测试,需要一夜之间停留。",C
738,GW28,T2127,"“记录考试:一般考试”在多个国家进行,但只提供一种语言。",E
739,GW28,T2127,“记录考试:一般测试”是最受欢迎的测试。,N
740,GW28,T2127,“记录考试:一般考试”在申请学校时不必要,C
741,GW106,T2127,将GRE作为纸质测试的学生有资格比计算机测试的学生更频繁地参加测试。,E
742,GW106,T2127,GRE在美国的本科生毕业时是强制性的。,N
743,GW106,T2127,"GRE是一个标准化的测试,最初是在杜鲁门政府期间提供的。",C
744,GW60,T2127,1936年收到的GRE有效至1941年。,E
745,GW60,T2127,GRE是教育测试服务提供的唯一考试。,N
746,GW60,T2127,一些GRE成绩在1939年变得无效。,C
747,GW28,T2128,“图形设计师”是一个创意和视觉聚焦的职业。,E
748,GW28,T2128,“图形设计师”得到很好的报酬。,N
749,GW28,T2128,"“图形设计师”可以工作在许多技术职业,如工程师。",C
750,GW106,T2128,一个广告机构的创意总监将是图形设计师的理想职业。,E
751,GW106,T2128,大多数在桌面出版行业成功的图形设计师都参加了艺术史的大学课程。,N
752,GW106,T2128,图形设计师在出版领域的职业前景在最近几年由于数字书籍的兴起而下降。,C
753,GW60,T2128,艺术总监必须在艺术史上有能力。,E
754,GW60,T2128,创意总监可以是网站设计师。,N
755,GW60,T2128,一个艺术目录不能在打字中工作。,C
756,GW28,T2129,"吉伦 - 巴雷综合症是一种未知原因的医疗状况,诊断和治疗后恢复时间延长。",E
757,GW28,T2129,"治愈Guillain-Barré综合症是昂贵的,需要数年时间。",N
758,GW28,T2129,"吉林 - 巴雷综合症始于大脑,影响眼睛和耳朵。",C
759,GW74,T2129,有更多的并发症比症状,E
760,GW74,T2129,观察手和脚的肌肉软弱是最好的诊断方法,N
761,GW74,T2129,受影响者的死亡率低于每年受影响的人的频率,C
762,GW52,T2129,吉林 - 巴雷综合症的死亡率很低。,E
763,GW52,T2129,吉林 - 巴雷综合症的频率越来越高。,N
764,GW52,T2129,吉林 - 巴雷综合症有已知的原因。,C
765,GW60,T2130,2018年“古鲁普尔尼马”比2019年“古鲁普尔尼马”晚些时候举行。,E
766,GW60,T2130,“古鲁普尔尼马”也是印度的国庆节。,N
767,GW60,T2130,2020年“Guru Purnima”将比2019年“Guru Purnima”更早地庆祝。,C
768,GW1,T2130,“Guru Purnima”发生在夏天。,E
769,GW1,T2130,尼泊尔是唯一一个庆祝“Guru Purnima”的地方。,N
770,GW1,T2130,“Guru Purnima”每年发生两次。,C
771,GW4,T2130,“Guru Purnima”是每年都会发生的事情。,E
772,GW4,T2130,人们通常在“Guru Purnima”吃很多食物。,N
773,GW4,T2130,“Guru Purnima”总是发生在同一天。,C
774,GW12,T2131,“汉努卡”是犹太人庆祝的节日。,E
775,GW12,T2131,"“汉努卡”涉及点亮蜡烛,唱歌和吃饭。",N
776,GW12,T2131,"“汉努卡”是一个犹太人的节日,只发生在12月。",C
777,GW52,T2131,每年都会庆祝“汉努卡”。,E
778,GW52,T2131,“汉努卡”在每个国家都被庆祝。,N
779,GW52,T2131,“汉努卡”每年都发生在同一日期。,C
780,GW60,T2131,汉努卡于2018年早于2019年,E
781,GW60,T2131,汉努卡将于2021年早于21世纪的任何其他年份。,N
782,GW60,T2131,汉努卡将于2021年晚于21世纪的任何其他年份。,C
783,GW89,T2132,“Holi”将于2020年3月9日举行。,E
784,GW89,T2132,“Holi”每年在不同的日期举行。,N
785,GW89,T2132,“Holi”的日期是基于罗马日历。,C
786,GW106,T2132,“Holi”是许多宗教观察的文化庆祝活动。,E
787,GW106,T2132,"紫色,绿色和蓝色在“Holi”ka Bonfire期间对佩戴者具有特殊意义。",N
788,GW106,T2132,“Holi”总是发生在春天。,C
789,GW19,T2132,"“Holi”是一个印度的节日,由多个宗教庆祝。",E
790,GW19,T2132,“Holi”在印度被认为是一年中最神圣的日子。,N
791,GW19,T2132,"在印度,所有宗教都遵守“Holi”,禁食并在庄严的祈祷中度过一天。",C
792,GW52,T2133,“霍拉大桥”项目花了几年时间完成。,E
793,GW52,T2133,“霍拉大桥”自开幕以来一直没有被翻新。,N
794,GW52,T2133,“霍拉大桥”花费了一笔费用来穿越。,C
795,GW1,T2133,“霍拉大桥”花了5年时间建造。,E
796,GW1,T2133,“霍拉大桥”是“和特里顿”设计的唯一一座桥梁。,N
797,GW1,T2133,“霍拉大桥”于1943年夏天开通。,C
798,GW12,T2133,"“霍瓦拉大桥”是由钢铁制成的,由科尔卡塔港口信托公司维护。",E
799,GW12,T2133,"1942年开始建造“霍拉大桥”,并于1943年开通。",N
800,GW12,T2133,每天有80万人和车辆穿越“霍拉大桥”。,C
801,GW28,T2134,“HTC Dream”是一款使用Android Donut的智能手机。,E
802,GW28,T2134,“HTC Dream”是第一代智能手机。,N
803,GW28,T2134,“HTC梦想”是既有前面和后面相机作为标准。,C
804,GW52,T2134,HTC的梦想有一个超过1000mAh的电池,E
805,GW52,T2134,“HTC梦”仍在生产中。,N
806,GW52,T2134,HTC的梦想是手机。,C
807,GW4,T2134,“HTC Dream”的电池容量超过1000mAh。,E
808,GW4,T2134,一个“HTC梦想”被设计为复制iPhone,N
809,GW4,T2134,“HTC梦”只有一个频段天线。,C
810,GW86,T2135,“Huawei Ascend G300”可以在不止一种网络上运行。,E
811,GW86,T2135,“Huawei Ascend G300”目前正在生产中。,N
812,GW86,T2135,“Huawei Ascend G300”是一款平板电脑。,C
813,GW52,T2135,Ascend G300的初始操作系统是Android 4。,E
814,GW52,T2135,Ascend G300仍在生产中,N
815,GW52,T2135,Ascend G300在每个型号中都有相同的相机。,C
816,GW38,T2135,“Huawei Ascend G300”与HSPA900/2100网络兼容。,E
817,GW38,T2135,“Huawei Ascend G300”是华为制造的最快智能手机,N
818,GW38,T2135,“Huawei Ascend G300”在Android 2.0操作系统上运行,C
819,GW12,T2136,"甲状腺高压症的发病率,甲状腺过活性,在美国是1.2%。",E
820,GW12,T2136,格雷夫斯病是甲状腺炎的唯一原因。,N
821,GW12,T2136,“甲状腺炎”通常发生在童年时期。,C
822,GW74,T2136,"有更多的症状,而不是“甲状腺炎”的原因",E
823,GW74,T2136,格雷夫斯病导致肌肉软弱,N
824,GW74,T2136,有更多的药物比治疗,C
825,GW52,T2136,“甲状腺炎”发生在人口的1%以上。,E
826,GW52,T2136,“甲状腺炎”发生在20岁前和50岁后。,N
827,GW52,T2136,“甲状腺炎”没有已知的原因。,C
828,GW63,T2137,"科罗纳地铁,东180街地铁被纳入纽约地铁系统。",E
829,GW63,T2137,纽约只有地铁。,N
830,GW63,T2137,“跨境快速运输公司”已运营100多年,C
831,GW52,T2137,在20世纪开始建立跨境快速过境局。,E
832,GW52,T2137,地铁服务了整个纽约。,N
833,GW52,T2137,跨境快速过境管理局今天仍在运作。,C
834,GW28,T2137,“跨境快递公司”已存在37年。,E
835,GW28,T2137,该公司破产并被曼哈顿铁路公司收购。,N
836,GW28,T2137,“Interborough Rapid Transit Company”是一家至今仍在运作的私人实体。,C
837,GW28,T2138,“国际英语语言测试系统”是标准化的英语语言能力测试。,E
838,GW28,T2138,“国际英语语言测试系统”是世界上最受欢迎的英语语言测试。,N
839,GW28,T2138,“国际英语语言测试系统”可以随时在线进行。,C
840,GW74,T2138,"有更多的学院,机构和其他机构使用IELTS测试得分比有测试中心",E
841,GW74,T2138,1980年开始在英国,N
842,GW74,T2138,"有更多的国家使用测试分数,而不是有测试中心。",C
843,GW105,T2138,“国际英语语言测试系统”有多个不同部分。,E
844,GW105,T2138,测试主要针对来自墨西哥的移民。,N
845,GW105,T2138,只有少数大学使用这种测试。,C
846,GW107,T2139,“iOS”是由苹果开发的。,E
847,GW107,T2139,“iOS”是最好的操作系统。,N
848,GW107,T2139,“iOS”是用Python写的。,C
849,GW52,T2139,“iOS”首次亮相于2000年代。,E
850,GW52,T2139,“iOS”在过去的12年里经常收到更新。,N
851,GW52,T2139,“iOS”是一个开源软件。,C
852,GW74,T2139,最新“iOS”预览是在最新发布后的8天,E
853,GW74,T2139,“iOS”自2007年以来已有40种语言,N
854,GW74,T2139,最新发布的“iOS”发生在同一个月与最初的发布,C
855,GW52,T2140,IBS发生在成年人达到高龄之前。,E
856,GW52,T2140,IBS的频率随着时间的推移而增加。,N
857,GW52,T2140,IBS患者的预期寿命较短。,C
858,GW63,T2140,"虽然IBS不是短期疾病,但人们不必担心寿命缩短。",E
859,GW63,T2140,40岁时你永远不会患IBS。,N
860,GW63,T2140,IBS的已知原因可以通过手术治疗,C
861,GW28,T2140,“刺激性肠道综合征”是一种影响肠道运动的医疗条件。,E
862,GW28,T2140,“刺激性肠道综合征”的治疗很容易而且不贵。,N
863,GW28,T2140,“刺激性肠道综合征”有时是致命的。,C
864,GW52,T2141,"q111 q113, q114 牙买加 - 遥远的摇滚路线从20世纪末开始就一直在使用。",E
865,GW52,T2141,q113 Jamaica - Far Rockaway 线路按 24 小时时间表运营,N
866,GW52,T2141,"q111 q113, q114 牙买加 - 遥远的洛卡韦路线都有相同的里程。",C
867,GW60,T2141,Q111的乘客量比Q113和Q114的乘客量还要多。,E
868,GW60,T2141,贝斯利公园仓库由MTA巴士公司拥有。,N
869,GW60,T2141,Q113在白天从不关门。,C
870,GW28,T2141,"q111 q113, q114 牙买加 - 遥远的洛卡韦路线是昆士州和纳萨乌县之间的公交车路线。",E
871,GW28,T2141,"q111 q113, q114 Jamaica−Far Rockaway路线在所有公交车上都配备公共WiFi。",N
872,GW28,T2141,"q111 q113, q114 牙买加 - 遥远的摇滚路线是很少使用的路线。",C
873,GW4,T2142,“黄”导致人体皮肤的颜色发生变化。,E
874,GW4,T2142,疾病“黄”可以用药物治愈。,N
875,GW4,T2142,疾病“黄”是通常对人致命的。,C
876,GW28,T2142,"“黄”是一种疾病,使皮肤和眼睛变黄色。",E
877,GW28,T2142,“黄”有时是致命的。,N
878,GW28,T2142,“黄”是由饮食不良和缺乏运动引起的。,C
879,GW12,T2142,"“黄”是一种肝病学专业,涉及皮肤的黄色染色。",E
880,GW12,T2142,"皮肤和眼睛的白色变成黄色,当一个人有黄。",N
881,GW12,T2142,只有一个测试来诊断黄。,C
882,GW1,T2143,联合入学考试每半年进行一次。,E
883,GW1,T2143,国家检验机构仅管理联合入学考试。,N
884,GW1,T2143,联合入学考试始于20世纪。,C
885,GW52,T2143,JEE Main 始于 2000 年代。,E
886,GW52,T2143,JEE 主机在多年来进行的测试数量有所增加。,N
887,GW52,T2143,JEE Main只有积极的分数范围。,C
888,GW60,T2143,需要6个小时来完成JEE主要所需的所有文件。,E
889,GW60,T2143,JEE 主要包括差异计算。,N
890,GW60,T2143,"您可以每次提交一次考试,连续两年。",C
891,GW86,T2144,“Kelana Jaya线路延伸”于3年前开通。,E
892,GW86,T2144,"目前,“Kelana Jaya线延伸”已启动。",N
893,GW86,T2144,“Kelana Jaya线延伸”于4年前开通。,C
894,GW74,T2144,有12个车站比服务更多,E
895,GW74,T2144,有13个站点“Kelana Jaya路线延伸”于2016年6月30日开通,N
896,GW74,T2144,有更多的服务比 Termini,C
897,GW28,T2144,“Kelana Jaya线延伸”在21世纪在东南亚开始运作,E
898,GW28,T2144,“Kelana Jaya路线延伸”仅使用Mag-lev。,N
899,GW28,T2144,“Kelana Jaya线路延伸”在数千英里轨道上运作于多个国家。,C
900,GW52,T2145,“35 / 36地铁线路”允许可转移服务。,E
901,GW52,T2145,35号地铁线的乘客也可以使用36号地铁线。,N
902,GW52,T2145,“35 / 36地铁线”是全天候运营。,C
903,GW28,T2145,“35 / 36地铁线路”是一条按照规定的时间表运行的公共交通线路。,E
904,GW28,T2145,乘客可以通过智能手机支付“35 / 36地铁线路”的票价。,N
905,GW28,T2145,"“35 / 36地铁线路”每天24小时运营,不间断。",C
906,GW4,T2145,“35 / 36地铁线”每天运行6次。,E
907,GW4,T2145,“35 / 36地铁线”覆盖了很多区域。,N
908,GW4,T2145,“35 / 36地铁线”使用奥迪车辆。,C
909,GW106,T2146,只有不到10%的乘客“拉米亚航班2933”幸存下来。,E
910,GW106,T2146,所有幸存者在“LaMia 2933”航班上都是乘客。,N
911,GW106,T2146,在“LaMia 2933”航班中使用的Avro RJ85飞机有破坏的燃料计。,C
912,GW74,T2146,乘客比乘客多。,E
913,GW74,T2146,六名幸存者中有四人是船员。,N
914,GW74,T2146,没有幸存者受伤。,C
915,GW95,T2146,每名机组人员中有18名乘客。,E
916,GW95,T2146,"在6名幸存者中,有3人是机组人员。",N
917,GW95,T2146,事故无法预防。,C
918,GW74,T2147,最小半径比最高高度更长,E
919,GW74,T2147,“拉斯维加斯单轨”在1995年有7个车站,N
920,GW74,T2147,"“拉斯维加斯单轨”由一个不同的公司拥有,而不是经营它",C
921,GW4,T2147,“拉斯维加斯单轨”已经存在超过15年。,E
922,GW4,T2147,“拉斯维加斯单轨”停在大多数酒店。,N
923,GW4,T2147,“拉斯维加斯单轨”比汽车慢。,C
924,GW86,T2147,“拉斯维加斯单轨道”最初是以不同的名字开通的。,E
925,GW86,T2147,“拉斯维加斯单轨”的最高速度为每小时50英里。,N
926,GW86,T2147,"“拉斯维加斯单轨”自1995年以来一直运作,没有中断。",C
927,GW28,T2148,“La Tomatina”是西班牙的年度文化庆祝活动,E
928,GW28,T2148,“La Tomatina”每年浪费数百万加仑的番茄。,N
929,GW28,T2148,“La Tomatina”每年在同一天降落。,C
930,GW4,T2148,“Tomatina”是一个在欧洲庆祝的节日。,E
931,GW4,T2148,“La Tomatina”是一个充满食物的节日。,N
932,GW4,T2148,“La Tomatina”每年都发生在同一天。,C
933,GW52,T2148,“La Tomatina”每年8月举行。,E
934,GW52,T2148,“La Tomatina”是一周的活动。,N
935,GW52,T2148,“La Tomatina”每年都发生在同一天。,C
936,GW28,T2149,"“法学院入学考试”是用于许多英语国家,主要是美国的法学院入学的标准化考试。",E
937,GW28,T2149,"“法学院入学考试”也可以用于入学一些研究生学位课程,而不仅仅是法学院。",N
938,GW28,T2149,“法学院入学考试”是用多种语言进行的多日制考试。,C
939,GW86,T2149,“法学院入学考试”已经存在70多年了。,E
940,GW86,T2149,LSAT的写作部分不被考虑在法学院的录取。,N
941,GW86,T2149,2006年测试的LSAT得分今天是有效的。,C
942,GW52,T2149,LSAT 可在全球范围内使用。,E
943,GW52,T2149,LSAT的结果是好一辈子。,N
944,GW52,T2149,LSAT具有负分量。,C
945,GW28,T2150,“LG Optimus G”是韩国一台摄像头的智能手机。,E
946,GW28,T2150,“LG Optimus G”是LG的畅销书。,N
947,GW28,T2150,“LG Optimus G”为韩国国内市场生产。,C
948,GW74,T2150,存储空间比内存多30GB,E
949,GW74,T2150,“LG Optimus G” 比运行在 Android 4.0 Ice Cream Sandwich 有 16 GB 的存储空间,N
950,GW74,T2150,LG G2 在 LG Optimus 4X HD 之前发布,C
951,GW52,T2150,“LG Optimus G”具有多个存储选项。,E
952,GW52,T2150,“LG Optimus G”至今仍在生产。,N
953,GW52,T2150,“LG Optimus G”是Optimus系列的第一款。,C
954,GW74,T2151,OS 家族和默认用户界面为 Unix,E
955,GW74,T2151,“Linux”在1991年以多种语言提供。,N
956,GW74,T2151,有与平台相同的营销目标,C
957,GW1,T2151,“Linux”是在20世纪的最后十年发布的。,E
958,GW1,T2151,利努斯·托瓦尔德斯(Linus Torvalds)在开发“Linux”方面做得比社区做得更多。,N
959,GW1,T2151,Linus 基于图表在 30 多个平台上工作。,C
960,GW52,T2151,“Linux”是在20世纪90年代开发的。,E
961,GW52,T2151,“Linux”是当今市场上顶级软件之一。,N
962,GW52,T2151,“Linux”是用C+写的。,C
963,GW1,T2152,“狮子航空610航班”在2018年秋天坠毁。,E
964,GW1,T2152,狮航610航班唯一的救生潜水员去世了。,N
965,GW1,T2152,还有幸存者“狮子航空610航班”,C
966,GW12,T2152,飞机上有181名乘客和8名机组人员。,E
967,GW12,T2152,“狮航610航班”的IATA号和ICAO号是相同的。,N
968,GW12,T2152,"“狮航610号航班”由狮航运营,并于2018年初坠毁。",C
969,GW52,T2152,JT610去年坠毁。,E
970,GW52,T2152,JT610航班的命运没有明确的证据。,N
971,GW52,T2152,JT610造成200多人死亡。,C
972,GW95,T2153,“Loi Krathong”发生在年底附近,E
973,GW95,T2153,人们前往泰国庆祝“Loi Krathong”,N
974,GW95,T2153,“Loi Krathong”主要被西方人观察,C
975,GW86,T2153,“Loi Krathong”每年观察一次。,E
976,GW86,T2153,“Loi Krathong”每年的11月22日。,N
977,GW86,T2153,“Loi Krathong”只有四个不同的名字。,C
978,GW52,T2153,“Loi Krathong”每年都会发生。,E
979,GW52,T2153,“Loi Krathong”在整个亚洲都被庆祝。,N
980,GW52,T2153,“Loi Krathong”在北美庆祝。,C
981,GW52,T2154,“Lupercalia”是一个用食物帮助的场合。,E
982,GW52,T2154,“Lupercalia”每次都会牺牲一个特定的动物。,N
983,GW52,T2154,“Lupercalia”每年都在同一天举行。,C
984,GW86,T2154,“Lupercalia”在多个日期观察到。,E
985,GW86,T2154,“Lupercalia”仍然被一些人观察到今天。,N
986,GW86,T2154,“Lupercalia”仅在一个日期观察到。,C
987,GW74,T2154,“Lupercalia”在2月份举行了庆祝活动,E
988,GW74,T2154,所有罗马人都做过狼人献上山羊和狗的牺牲。,N
989,GW74,T2154,罗马帝国在秋季庆祝“Lupercalia”,C
990,GW86,T2155,“Māgha Pūjā”在至少五个国家被观察到。,E
991,GW86,T2155,“Māgha Pūjā”仅在六个国家被观察到。,N
992,GW86,T2155,“Māgha Pūjā”是在2019年夏天观察到的。,C
993,GW52,T2155,"今年2月,“大胡子”发生了。",E
994,GW52,T2155,“Māgha Pūjā”已经被庆祝了几个世纪。,N
995,GW52,T2155,“Māgha Pūjā”是一个严格的佛教庆祝活动。,C
996,GW74,T2155,"2019年2月19日,月亮满月。",E
997,GW74,T2155,"斯威达贡圣地节有一个带灯光的游行,",N
998,GW74,T2155,第三个月亮是2019年3月。,C
999,GW84,T2156,马哈维尔勋爵的生日是在春天庆祝的。,E
1000,GW84,T2156,马哈维尔·斯瓦米的生日不会在2019年庆祝。,N
1001,GW84,T2156,Mahaveer Swami的生日需要人们带来礼物。,C
1002,GW60,T2156,马哈维尔斯瓦米在贾因宗教中很重要。,E
1003,GW60,T2156,祈祷只在Jain寺庙进行。,N
1004,GW60,T2156,印度没有贾因寺庙。,C
1005,GW4,T2156,“Mahaveer Janma Kalyanak”是一个每年在印度发生的节日。,E
1006,GW4,T2156,“Mahaveer Janma Kalyanak”每年都发生在同一天。,N
1007,GW4,T2156,"在2019年,“马哈维耶 Janma Kalyanak”发生在五月。",C
1008,GW28,T2157,"“主要抑郁症”是一种心理疾病,出现在年轻成年人身上,可能持续数月,如果不是数年。",E
1009,GW28,T2157,“主要抑郁症”不出现在小孩身上。,N
1010,GW28,T2157,“主要抑郁症”可以通过改变环境来治愈。,C
1011,GW106,T2157,低自尊心是单极抑郁症患者的一个症状。,E
1012,GW106,T2157,大多数患有临床抑郁症的人也自我伤害。,N
1013,GW106,T2157,"电治疗是最常用的治疗形式,用于对抗患有单极性障碍的患者自杀的可能性。",C
1014,GW52,T2157,大抑郁症有超过1亿个病例归因于它。,E
1015,GW52,T2157,主要抑郁症在诊断病例方面有所上升。,N
1016,GW52,T2157,大抑郁症是一种急性疾病。,C
1017,GW28,T2158,马卡拉圣克兰蒂在一月的不同日期可能下降。,E
1018,GW28,T2158,马卡拉圣克兰蒂是印度教徒最神圣的节日。,N
1019,GW28,T2158,"马卡拉圣克兰蒂是一个庄严的假期,充满安静的沉思和遵守。",C
1020,GW89,T2158,马卡拉圣克兰蒂是收获的节日。,E
1021,GW89,T2158,马卡拉圣克兰蒂每年都在同一天坠落。,N
1022,GW89,T2158,Makara Sankranti使用美国日历相关性。,C
1023,GW52,T2158,梅拉是一个主要是印度教的节日。,E
1024,GW52,T2158,梅拉在庆祝日的不同。,N
1025,GW52,T2158,梅拉是纯粹的文化活动。,C
1026,GW52,T2159,“马来西亚航空370航班”据推测没有幸存者。,E
1027,GW52,T2159,MH370目前仍在调查中。,N
1028,GW52,T2159,MAS370最近在2019年被发现。,C
1029,GW12,T2159,2014年“马来西亚航空370航班”坠毁的原因尚不清楚。,E
1030,GW12,T2159,“马来西亚航空370航班”有12名机组人员和227名乘客。,N
1031,GW12,T2159,"“马来西亚航空370航班”从北京首都国际机场起飞,目的地是吉隆坡国际机场。",C
1032,GW19,T2159,马来西亚航空370航班坠毁的确切地点尚未确定。,E
1033,GW19,T2159,"调查人员已经确定,马来西亚航空370因人为行为故意失踪。",N
1034,GW19,T2159,马来西亚航空370因飞行员错误坠毁,C
1035,GW1,T2160,“曼哈顿大桥”的建设始于20世纪初。,E
1036,GW1,T2160,“曼哈顿大桥”从来都是免费的。,N
1037,GW1,T2160,建造“曼哈顿大桥”花了15年。,C
1038,GW52,T2160,“曼哈顿大桥”已经使用了一个多世纪了。,E
1039,GW52,T2160,“曼哈顿大桥”从未翻新过。,N
1040,GW52,T2160,“曼哈顿大桥”每天有超过10万辆车通过。,C
1041,GW63,T2160,"对于“曼哈顿大桥”的6855英尺长度,没有收费。",E
1042,GW63,T2160,曼哈顿大桥是唯一由纽约交通部维护的桥梁。,N
1043,GW63,T2160,曼哈顿大桥的建造花了不到五年时间。,C
1044,GW86,T2161,“Mawlid”是30多个国家的公共假期。,E
1045,GW86,T2161,“Mawlid”每年11月10日或15日举行。,N
1046,GW86,T2161,“Mawlid”是专门由逊尼派和什叶派伊斯兰教的信徒庆祝的。,C
1047,GW52,T2161,"“Mawlid”有不同的观察日期,取决于逊尼派或什叶派背景。",E
1048,GW52,T2161,“Mawlid”在几大洲都被庆祝。,N
1049,GW52,T2161,“Mawlid”是一个基于印度教的事件。,C
1050,GW28,T2161,“Mawlid”是一个与穆罕默德的诞生有关的伊斯兰观念。,E
1051,GW28,T2161,“Mawlid”是世界上最受欢迎的伊斯兰节日。,N
1052,GW28,T2161,“Mawlid”也被基督教国家庆祝。,C
1053,GW74,T2162,功率输出和扭矩输出范围超过150,E
1054,GW74,T2162,“Mazda J 发动机”电源输出由扭矩输出决定,N
1055,GW74,T2162,区块材料和头部材料是同一种材料,C
1056,GW19,T2162,“Mazda J 发动机”有几个不同的阀门配置。,E
1057,GW19,T2162,“马自达J发动机”是马自达制造的最强大的发动机。,N
1058,GW19,T2162,V8“Mazda J”发动机是日本制造的最强大的发动机之一。,C
1059,GW52,T2162,一些“Mazda J”发动机产生超过200马力。,E
1060,GW52,T2162,“Mazda J”发动机至今仍在使用中。,N
1061,GW52,T2162,Mazda J的扭矩输出总是高于其HP,C
1062,GW74,T2163,麻疹的正常发作平均比持续时间更长,E
1063,GW74,T2163,暴露后的10天发烧,N
1064,GW74,T2163,2015年死亡人数超过麻疹频率的一半,C
1065,GW52,T2163,“麻疹”的开始和持续时间总共约为三周。,E
1066,GW52,T2163,“麻疹”对所有受影响的个人呈现相同的方式。,N
1067,GW52,T2163,每年麻疹死亡人数超过10万。,C
1068,GW4,T2163,有一种疫苗可以防止人们获得“麻疹”。,E
1069,GW4,T2163,“麻疹”是一种可以自行消失的疾病。,N
1070,GW4,T2163,“麻疹”杀死了超过20%的人谁得到它。,C
1071,GW74,T2164,"接受MCAT的人可以在2017年1月、6月,并在2017年8月再次服用,但不能在9月再次服用。",E
1072,GW74,T2164,在美国接受MCAT的人比在加拿大多,N
1073,GW74,T2164,有人可以在2017年1月至2月之间参加MCAT4次,C
1074,GW106,T2164,美国医学院协会自20世纪20年代末以来一直提供MCAT。,E
1075,GW106,T2164,生物学专业通常在MCAT考试中得分高于物理专业。,N
1076,GW106,T2164,"在加拿大,MCAT以英语和法语为测试者提供。",C
1077,GW28,T2164,"“医学院入学考试”被多个国家使用,但只用英语进行。",E
1078,GW28,T2164,“医学院入学考试”是医学院最受尊敬的考试。,N
1079,GW28,T2164,"“医学院入学考试”是免费的,向所有申请者开放。",C
1080,GW89,T2165,“MGM大拉斯维加斯”近26年前开业。,E
1081,GW89,T2165,"根据客房数量,MGM大酒店是拉斯维加斯最大的酒店之一。",N
1082,GW89,T2165,MGM大楼于2001年进行了翻新。,C
1083,GW52,T2165,MGM Grand已经超过25岁了。,E
1084,GW52,T2165,MGM大楼目前正在进行翻新。,N
1085,GW52,T2165,MGM大楼拥有7000多间客房。,C
1086,GW28,T2165,"“MGM大拉斯维加斯”已经运行了20多年,进行了多次翻新。",E
1087,GW28,T2165,“MGM大拉斯维加斯”每年赚取数十亿美元的利润。,N
1088,GW28,T2165,“MGM大拉斯维加斯”在开业10年后进行了大规模翻新。,C
1089,GW25,T2166,"“MicroBee”是一款家庭计算机系统,售价为399美元。",E
1090,GW25,T2166,"虽然16kB或32kB的内存很小,但当时的单调音频发电器和扬声器被认为非常好。",N
1091,GW25,T2166,"“MicroBee”于1982年首次推出,并在10年的运行后于1992年中止。",C
1092,GW52,T2166,“MicroBee”已经生产了近十年。,E
1093,GW52,T2166,“MicroBee”是一个流行的家庭计算机。,N
1094,GW52,T2166,“MicroBee”有多个CPU。,C
1095,GW4,T2166,“MicroBee”已经在市场上8年。,E
1096,GW4,T2166,“MicroBee”能够出售数百万台。,N
1097,GW4,T2166,“MicroBee”总是运行在Unix上。,C
1098,GW106,T2167,无处不在的药物有时可以有效地治疗头痛。,E
1099,GW106,T2167,患上头痛的风险随着系统中的雌激素的数量而增加。,N
1100,GW106,T2167,脑肿瘤是头痛的主要原因。,C
1101,GW86,T2167,“偏头痛”有多个原因和风险因素。,E
1102,GW86,T2167,“疮”有时发生在男性身上。,N
1103,GW86,T2167,“偏头痛”也被称为紧张头痛和群体头痛。,C
1104,GW28,T2167,"“偏头痛”通常会影响女性,并可能是一个终身的疾病。",E
1105,GW28,T2167,未经治疗的“偏头痛”可能会导致自杀。,N
1106,GW28,T2167,“偏头痛”可以用按摩疗法和手术治疗。,C
1107,GW106,T2168,Moto G 的可拆卸存储空间可以通过 16 GB microSDXC 扩展。,E
1108,GW106,T2168,"Moto G是摩托罗拉第三代设备中最畅销的设备,其中还包括Moto X Style和Moto X Play。",N
1109,GW106,T2168,Moto G的最后一台操作系统是Android 7.0“Nougat”。,C
1110,GW19,T2168,第三代Moto G允许用户通过microSD卡插槽来扩展内存。,E
1111,GW19,T2168,下一代的第三代Moto G提供了更大的存储选项。,N
1112,GW19,T2168,第三代Moto G是制造商的最新产品。,C
1113,GW52,T2168,Moto G 是一款已被淘汰的手机。,E
1114,GW52,T2168,"目前,Moto G仍在支持中。",N
1115,GW52,T2168,Moto G在每个大陆都有网站。,C
1116,GW1,T2169,"2015年,“多发性硬化症”导致不到2万人死亡。",E
1117,GW1,T2169,“多发性硬化症”有很多原因。,N
1118,GW1,T2169,“多发性硬化症”只有几个症状。,C
1119,GW63,T2169,中年人患多发性硬化症的预期寿命比正常人少5到10年。,E
1120,GW63,T2169,“多发性硬化症”只能由神经科医生治疗。,N
1121,GW63,T2169,2015年患多发性硬化症的人数是其导致的死亡人数的两倍。,C
1122,GW108,T2169,“多发性硬化症”是一种神经疾病。,E
1123,GW108,T2169,受影响的人将有感觉和协调方面的困难。,N
1124,GW108,T2169,“多发性硬化症”可能出现在小孩身上。,C
1125,GW4,T2170,“纳什平衡”是以发现它的人命名的。,E
1126,GW4,T2170,“纳什平衡”已经存在20多年了。,N
1127,GW4,T2170,“纳什平衡”适用于合作游戏。,C
1128,GW86,T2170,“纳什平衡”总是适用于不涉及合作的游戏。,E
1129,GW86,T2170,“纳什平衡”适用于某些涉及合作的游戏。,N
1130,GW86,T2170,“纳什平衡”与相关平衡无关。,C
1131,GW60,T2170,"“纳什平衡”包含颤抖的手完美,但不含Epsilon平衡。",E
1132,GW60,T2170,Epsilon平衡在所有非合作游戏中使用。,N
1133,GW60,T2170,"“纳什平衡”包含埃普西龙平衡,但不完美地颤抖的手。",C
1134,GW4,T2171,国家资格 cum 入学考试在印度涉及进入大学。,E
1135,GW4,T2171,国家资格 cum 入学考试需要多年的时间来学习。,N
1136,GW4,T2171,国家资格 cum 入学考试是在笔记本电脑上进行的。,C
1137,GW28,T2171,国家资格 cum 入学考试是印度大学入学考试。,E
1138,GW28,T2171,国家资格 cum 入学考试是免费的。,N
1139,GW28,T2171,"国家资格 cum 入学考试以多种语言提供,并在几天内进行。",C
1140,GW52,T2171,NEET(UG)有负分数范围。,E
1141,GW52,T2171,NEET的结果是好一辈子。,N
1142,GW52,T2171,NEET(UG)在美国举行。,C
1143,GW28,T2172,地图旧“国家公路2”红色位于新德里和科尔卡塔。,E
1144,GW28,T2172,红色的旧地图“国家公路2”有收费的收费。,N
1145,GW28,T2172,旧地图“国家公路2”的红色连接了少数地方。,C
1146,GW4,T2172,古老的“国道2”红色地图覆盖了500多英里公路。,E
1147,GW4,T2172,旧“国道2”红色地图于2000年后完成。,N
1148,GW4,T2172,红色的旧“国家公路2”地图只覆盖了两条主要高速公路。,C
1149,GW74,T2172,主要目的地比州多,E
1150,GW74,T2172,哈里亚纳州的旧国家公路比任何其他州都要多。,N
1151,GW74,T2172,德里占旧国家公路总长度的三分之一,C
1152,GW28,T2173,“纳瓦拉特里”是一个多天的印度教庆典。,E
1153,GW28,T2173,“纳瓦拉特里”的庆祝活动包括烟花和身体绘画。,N
1154,GW28,T2173,“纳瓦拉特里”每年在同一周庆祝一次。,C
1155,GW86,T2173,“纳瓦拉特里”持续了超过一周。,E
1156,GW86,T2173,印度教徒在“纳瓦拉特里”期间从工作中休息时间。,N
1157,GW86,T2173,“纳瓦拉特里”每年都在同一日期观察到。,C
1158,GW1,T2173,“纳瓦拉特里”持续了一个多星期。,E
1159,GW1,T2173,“纳瓦拉特里”的长度一直是9天。,N
1160,GW1,T2173,“纳瓦拉特里”总是发生在夏天。,C
1161,GW28,T2174,“日产BD发动机”具有燃料注入和制冷系统。,E
1162,GW28,T2174,“Nissan BD引擎”是由日本人设计的。,N
1163,GW28,T2174,"“日产BD发动机”由锂离子电池供电,并由风冷却。",C
1164,GW19,T2174,Nissan BD 发动机不是 V8 发动机。,E
1165,GW19,T2174,用于Nissan BD发动机的冷却系统是,N
1166,GW19,T2174,Nissan BD发动机是强大的电动汽车发动机。,C
1167,GW52,T2174,“日产BD发动机”发布的功率不到100马力。,E
1168,GW52,T2174,"目前,Nissan BD引擎仍在使用中。",N
1169,GW52,T2174,Nissan BD 发动机是 V6。,C
1170,GW86,T2175,“诺基亚9 PureView”有多个摄像头。,E
1171,GW86,T2175,“诺基亚9 PureView”使用触摸屏。,N
1172,GW86,T2175,“诺基亚9 PureView”在一年多前首次推出。,C
1173,GW28,T2175,“诺基亚9 PureView”是一款配备前置和后置摄像头的智能手机。,E
1174,GW28,T2175,“诺基亚9 PureView”售价超过1000美元。,N
1175,GW28,T2175,“诺基亚9 PureView”是一款带可扩展天线的折叠手机。,C
1176,GW106,T2175,诺基亚9 Pureview的显示屏小于6英寸。,E
1177,GW106,T2175,富士康生产了诺基亚9 Pureview和其前身诺基亚8 Sirocco。,N
1178,GW106,T2175,“诺基亚9 PureView”本地运行在Android Oreo平台上。,C
1179,GW28,T2176,诺鲁兹是中东和亚洲某些地区的新年假期。,E
1180,GW28,T2176,诺夫鲁兹是用枪击在空中庆祝的。,N
1181,GW28,T2176,诺鲁兹每年在不同的日期降落。,C
1182,GW74,T2176,诺夫鲁兹在2018年和2019年同一日期,E
1183,GW74,T2176,比以色列更多的人在伊拉克庆祝诺夫鲁兹,N
1184,GW74,T2176,诺夫鲁兹将在2019年和2021年度过一个周末,C
1185,GW86,T2176,诺布鲁兹在20多个国家举行。,E
1186,GW86,T2176,诺布鲁兹通常是3月20日。,N
1187,GW86,T2176,诺鲁兹是一个宗教节日。,C
1188,GW28,T2177,“NWFB Route 8”是一条在不到一小时内完成旅程的巴士路线。,E
1189,GW28,T2177,“NWFB路8”环绕岛屿巡回巡回路线。,N
1190,GW28,T2177,"等待时间为“NWFB路线8”是30分钟,由于其30公里路线。",C
1191,GW60,T2177,“NWFB路8”有一个替代路线。,E
1192,GW60,T2177,“NWFB路8”从北向南。,N
1193,GW60,T2177,新世界第一巴士还运营MTR岛路线,C
1194,GW12,T2177,"“NWFB 8号公路”从汉法胡恩开始,到温开北结束。",E
1195,GW12,T2177,"“NWFB路8”有两个竞争对手,MTR岛路线和NWFB路线N8。",N
1196,GW12,T2177,“NWFB路线8”是通往温查北的唯一路线。,C
1197,GW86,T2178,强迫性障碍可能导致死亡。,E
1198,GW86,T2178,强迫性障碍需要药物治疗。,N
1199,GW86,T2178,强迫性障碍有明确的原因。,C
1200,GW28,T2178,"强迫性障碍是一种精神疾病,通常在多年虐待后出现于年轻成年人中。",E
1201,GW28,T2178,强迫性强迫性障碍是一种容易治疗的疾病。,N
1202,GW28,T2178,强迫性强迫性障碍可以用油和香水治疗。,C
1203,GW52,T2178,OCD发生在人口的2%以上。,E
1204,GW52,T2178,OCD的发病率可能有所不同。,N
1205,GW52,T2178,OCD已知的原因。,C
1206,GW60,T2179,2019年的节日比2018年的节日晚些。,E
1207,GW60,T2179,辛格勒是60天。,N
1208,GW60,T2179,节日每年都有不同的日数。,C
1209,GW74,T2179,"“Onam, Thiruvonam”发生在2019年与2018年不同的月份",E
1210,GW74,T2179,"所有印度教徒参加战争的图格观察“Onam,Thiruvonam”",N
1211,GW74,T2179,"“Onam, Thiruvonam”将于2018年9月的同一周日开始和结束",C
1212,GW28,T2179,"“Onam, Thiruvonam”是一个印度教宗教节日,每年都有不同的日期。",E
1213,GW28,T2179,"“Onam, Thiruvonam”在印度只被印度教徒庆祝。",N
1214,GW28,T2179,"“Onam, Thiruvonam”是巴基斯坦人庆祝的节日。",C
1215,GW52,T2180,“俄勒冈州、加利福尼亚州和东部铁路”的长度超过60英里。,E
1216,GW52,T2180,“俄勒冈州、加利福尼亚州和东部铁路”全天通行。,N
1217,GW52,T2180,"“俄勒冈州,加利福尼亚州和东部铁路”在整个俄勒冈州举行。",C
1218,GW28,T2180,“俄勒冈州、加利福尼亚州和东部铁路”服务多站。,E
1219,GW28,T2180,"“俄勒冈州,加利福尼亚州和东部铁路”在其存在的每一年都是盈利的。",N
1220,GW28,T2180,“俄勒冈州、加利福尼亚州和东部铁路”将其服务延伸到美国东海岸。,C
1221,GW86,T2180,“俄勒冈州、加利福尼亚州和东部铁路”有时以不同的名称被称为。,E
1222,GW86,T2180,"目前,“俄勒冈州、加利福尼亚州和东部铁路”已开通。",N
1223,GW86,T2180,“俄勒冈州、加利福尼亚州和东部铁路”的长度超过70英里。,C
1224,GW28,T2181,“氧气”是一种无色气体。,E
1225,GW28,T2181,“氧气”是臭氧层的一部分。,N
1226,GW28,T2181,“氧气”是以研究其性能的科学家命名的。,C
1227,GW12,T2181,“氧气”是一种具有原子数8的气体。,E
1228,GW12,T2181,"1777年,安东尼·拉沃伊泽(Antoine Lavoisier)将气体命名为氧气。",N
1229,GW12,T2181,氧气的沸点和熔点完全相同。,C
1230,GW1,T2181,“氧气”在18世纪被命名。,E
1231,GW1,T2181,“氧气”是在它被命名的同时被发现的。,N
1232,GW1,T2181,“氧”的密度(在STP)低于1 g/L。,C
1233,GW74,T2182,有更多的员工比有“潘达快递”的位置,E
1234,GW74,T2182,Andrew Cherng 原来来自加利福尼亚州格伦代尔。,N
1235,GW74,T2182,“潘达快递”总部位于它成立的同一城市,C
1236,GW60,T2182,“Panda Express”在欧洲并不活跃。,E
1237,GW60,T2182,“潘达快递”是潘达餐厅集团的唯一子公司。,N
1238,GW60,T2182,“潘达快递”总部位于它成立的同一个城市。,C
1239,GW28,T2182,“潘达快递”在世界各地有数千个地点。,E
1240,GW28,T2182,“潘达快递”自成立以来每年都盈利。,N
1241,GW28,T2182,"“潘达快递”成立于欧洲,遍布欧洲。",C
1242,GW4,T2183,“帕金森病”可以用药物治疗。,E
1243,GW4,T2183,“帕金森病”总是导致人们颤抖。,N
1244,GW4,T2183,患有“帕金森病”的人将过上正常的长寿。,C
1245,GW3,T2183,"帕金森病的症状如颤抖,僵硬,运动缓慢和行走困难被用多巴胺激活剂治疗",E
1246,GW3,T2183,痴呆症总是“帕金森病”的并发症,N
1247,GW3,T2183,“帕金森病”是一种精神疾病,C
1248,GW52,T2183,“帕金森病”每年影响超过600万人。,E
1249,GW52,T2183,帕金森病可以发生在任何年龄。,N
1250,GW52,T2183,帕金森病患者没有更短的预期寿命。,C
1251,GW12,T2184,“Paryushana”是一个由贾因观察的庆祝活动。,E
1252,GW12,T2184,观察“Paryushana”意味着去Jain寺庙和禁食。,N
1253,GW12,T2184,“Paryushana”也被称为Lakshana和Samvatsari。,C
1254,GW52,T2184,“Paryushana”是一个通过禁食观察的庆祝活动。,E
1255,GW52,T2184,“Paryushana”被印度教徒观察。,N
1256,GW52,T2184,“Paryushana”对于任何庆祝活动都有相同的时间长度。,C
1257,GW19,T2184,"“Paryushana”是一个由贾因人观察的节日,具有宗教含义。",E
1258,GW19,T2184,“Paryushana”是贾因信仰的成员最神圣的日子。,N
1259,GW19,T2184,"“Paryushana”是一个全国性的节日,被整个印度次大陆观察。",C
1260,GW52,T2185,二十世纪开通的Pau-Cranfranc铁路,E
1261,GW52,T2185,铁路自开通以来没有进行过翻新。,N
1262,GW52,T2185,该铁路自1928年首次开放以来一直保持开放。,C
1263,GW28,T2185,帕乌 - 坎法兰克铁路自开通以来一直没有不间断运行。,E
1264,GW28,T2185,帕乌 - 坎法兰克铁路通过多个欧洲国家运行。,N
1265,GW28,T2185,"自开通以来,Pau-Canfranc铁路一直持续运行。",C
1266,GW60,T2185,“帕乌 - 坎法兰克铁路”在同年开通时被电气化。,E
1267,GW60,T2185,TER Aquitaine一直是其整个存在的铁路运营商。,N
1268,GW60,T2185,"自1928年以来,铁路关闭的年数比开放的年数多。",C
1269,GW1,T2186,"2018年,“五旬节”是在春天。",E
1270,GW1,T2186,“五旬节”最初被称为Whitsunday。,N
1271,GW1,T2186,"在2020年,“五旬节”将是跌倒。",C
1272,GW74,T2186,"“五旬节”日期比2018年晚11天,比2020年晚11天。",E
1273,GW74,T2186,东正教徒观察圣交会,N
1274,GW74,T2186,“五旬节”在2019年与2020年相同的复活节日期,C
1275,GW106,T2186,五旬节每年发生在春天。,E
1276,GW106,T2186,Pentacost通常在6月期间下降。,N
1277,GW106,T2186,一些犹太教派遵守惠特星期日。,C
1278,GW28,T2187,“完美巴耶斯平衡”与巴耶斯纳什平衡有关,E
1279,GW28,T2187,“完美巴耶斯平衡”是一个用来描述游戏理论的概念。,N
1280,GW28,T2187,“完美巴耶斯平衡”与游戏无关或与游戏无关。,C
1281,GW19,T2187,完美巴耶斯平衡不是巴耶斯纳什平衡比,E
1282,GW19,T2187,Cho和Kreps在提出完美的贝叶斯式平衡的概念之前共同工作了多年。,N
1283,GW19,T2187,Perfect Bayesian equilibrium是赢得平衡球上的金牌的技术名称。,C
1284,GW52,T2187,完美的拜赛平衡是一种游戏类型。,E
1285,GW52,T2187,完美巴耶斯平衡被广泛用于编码。,N
1286,GW52,T2187,完美巴耶斯平衡是一个稳定的系统。,C
1287,GW106,T2188,PCAT考试时间仅限于不到三个半小时。,E
1288,GW106,T2188,400分被认为是PCAT考试的合格分数。,N
1289,GW106,T2188,PCAT分数被美国和加拿大许多医学院招生委员会使用。,C
1290,GW52,T2188,PCAT 首次在 1970 年代被管理。,E
1291,GW52,T2188,PCAT的费用在其历史上一直保持不变。,N
1292,GW52,T2188,PCAT具有负分数。,C
1293,GW89,T2188,PCAT用于进入药房学院的学生的入学目的。,E
1294,GW89,T2188,"对加拿大学生来说,考试费用更便宜。",N
1295,GW89,T2188,PCAT于1970年引入。,C
1296,GW52,T2189,“波恩卡雷猜测”花了一个多世纪的时间来证明。,E
1297,GW52,T2189,“Poincaré猜测”与其他猜测共享共同的概念。,N
1298,GW52,T2189,“Poincaré猜测”在19世纪首次出现。,C
1299,GW28,T2189,“波恩卡雷猜测”是以亨利·波恩卡雷的名字命名的。,E
1300,GW28,T2189,“波恩卡雷猜测”是一个未解决的数学问题,N
1301,GW28,T2189,“Poincaré猜测”于2006年被解决。,C
1302,GW25,T2189,“Poincaré猜测”是等同于球形空间形态猜测的几何图形领域。,E
1303,GW25,T2189,"“波恩卡雷猜测”是由亨利·波恩卡雷推测的,该猜测建立了地理定位的领域。",N
1304,GW25,T2189,"“Poincaré猜测”在地理定位领域,相当于Zeeman猜测。",C
1305,GW52,T2190,“脊髓灰质炎”每年影响不到200人。,E
1306,GW52,T2190,"目前,“脊髓灰质炎”已大大消灭。",N
1307,GW52,T2190,“脊髓灰质炎”需要几个星期才能表现出症状。,C
1308,GW28,T2190,“脊髓灰质炎”是一种可以预防和治愈的传染病。,E
1309,GW28,T2190,“脊髓灰质炎”疫苗是一种昂贵的治疗方法。,N
1310,GW28,T2190,"自20世纪以来,“脊髓灰质炎”已经被淘汰。",C
1311,GW74,T2190,"2018年有136人可能经历了肌肉软弱,导致无法移动",E
1312,GW74,T2190,脊髓灰质炎病毒2016年在136人粪便中被发现,N
1313,GW74,T2190,肌肉软弱导致在几分钟后无法移动,C
1314,GW105,T2191,“Potassium”倾向于看起来像一个银色灰色。,E
1315,GW105,T2191,“Potassium”有百种不同的用途。,N
1316,GW105,T2191,“Potassium”是在实验室中创造的。,C
1317,GW12,T2191,“Potassium”具有银色灰色外观和原子数字19。,E
1318,GW12,T2191,汉弗里·戴维(Humphry Davy)在18世纪初首次发现。,N
1319,GW12,T2191,摩斯硬度和布里内尔硬度是相同的值。,C
1320,GW52,T2191,“”是第一个被发现的20个元素之一。,E
1321,GW52,T2191,“”今天在许多食物中被发现。,N
1322,GW52,T2191,“Potassium”最初在18世纪被发现。,C
1323,GW86,T2192,“心理医生”是医学专家。,E
1324,GW86,T2192,“心理医生”是医生。,N
1325,GW86,T2192,"目前,精神病学家也被称为外星人。",C
1326,GW60,T2192,精神病学家也是医学专业人士。,E
1327,GW60,T2192,"精神科醫生必須有一個MD,一個MBBS和一個DO。",N
1328,GW60,T2192,精神科医生不需要医学培训。,C
1329,GW28,T2192,一个“精神病学家”需要高水平的教育和积极的特征。,E
1330,GW28,T2192,“精神病学家”倾向于开辟自己的实践。,N
1331,GW28,T2192,“心理医生”不是医生。,C
1332,GW52,T2193,M8s去年开通了。,E
1333,GW52,T2193,M8s在一年之内建成。,N
1334,GW52,T2193,M8s 超过 60 mph。,C
1335,GW19,T2193,上海公共交通系统的一部分“Pujiang线”有不到10个车站。,E
1336,GW19,T2193,上海的公共交通地铁系统完全在地上。,N
1337,GW19,T2193,"尽管过去20年中国经济增长,但仍未在主要城市建立公共交通系统。",C
1338,GW28,T2193,“Pujiang线”是位于上海的公共交通地铁。,E
1339,GW28,T2193,“普江线”是上海地铁系统中最新的线路。,N
1340,GW28,T2193,“普江线”运用国内建的火车。,C
1341,GW52,T2194,“狂犬病”每年导致17000多人死亡。,E
1342,GW52,T2194,“狂犬病”目前没有治愈。,N
1343,GW52,T2194,狂犬病的诊断保证了死亡。,C
1344,GW4,T2194,“狂犬病”通常最终会杀死获得它的动物。,E
1345,GW4,T2194,“狂犬病”可以让人们在嘴里泡泡。,N
1346,GW4,T2194,“狂犬病”可以用一枪治愈。,C
1347,GW28,T2194,"“狂犬病”是一种可以治疗的传染病,但往往是致命的。",E
1348,GW28,T2194,“狂犬病”也可在人类之间传播。,N
1349,GW28,T2194,“狂犬病”导致失明和腹泻。,C
1350,GW60,T2195,2018年的“Raksha Bandhan”比2019年的“Raksha Bandhan”更晚。,E
1351,GW60,T2195,Bhai Duj发生在与“Raksha Bandhan”相同的日子。,N
1352,GW60,T2195,Rakri与Bhai Tika无关。,C
1353,GW52,T2195,“Raksha Bandhan”是一个整体的假期。,E
1354,GW52,T2195,“Raksha Bandhan”总是发生在8月。,N
1355,GW52,T2195,“Raksha Bandhan”被整个亚洲观察到。,C
1356,GW4,T2195,“Raksha Bandhan”总是发生在一年中的第八天。,E
1357,GW4,T2195,“Raksha Bandhan”通常在印度庆祝。,N
1358,GW4,T2195,“Raksha Bandhan”每年都会在同一日期举行。,C
1359,GW95,T2196,斋月每年举行一个月。,E
1360,GW95,T2196,穆斯林每天在禁食前读《古兰经》。,N
1361,GW95,T2196,斋月发生在冬天。,C
1362,GW28,T2196,"斋月是穆斯林的节日,每年都有不同的日子。",E
1363,GW28,T2196,斋月是穆斯林最神圣的节日。,N
1364,GW28,T2196,斋月是每年庆祝的一天。,C
1365,GW52,T2196,斋月是一个年度的活动。,E
1366,GW52,T2196,拉马丹的惯例对每个人都是一样的。,N
1367,GW52,T2196,斋月对所有参与者都同时发生。,C
1368,GW1,T2197,“拉玛纳瓦米”每年发生一次。,E
1369,GW1,T2197,“拉玛纳瓦米”一直是和一直是春天。,N
1370,GW1,T2197,“拉玛纳瓦米”发生在坠落中。,C
1371,GW52,T2197,“拉玛纳瓦米”每年发生一次。,E
1372,GW52,T2197,“拉马纳瓦米”是整个印度教文化的实践。,N
1373,GW52,T2197,“拉马纳瓦米”每年都发生在同一天。,C
1374,GW19,T2197,印度教徒庆祝拉马的诞生在结尾 fo Chaitra Navrati,E
1375,GW19,T2197,Chaitra Navrati是印度教徒最神圣的日子之一,N
1376,GW19,T2197,Chaitra Navrati是印度教徒和佛教徒观察的一个月长的庆祝活动。,C
1377,GW86,T2198,“E线”公交车在一天的大部分时间运行。,E
1378,GW86,T2198,周末的“E线”骑行人数比周日骑行人数少。,N
1379,GW86,T2198,“E线”每天24小时运营。,C
1380,GW52,T2198,“E线”成立5年前。,E
1381,GW52,T2198,“E线”是新增的一系列公交车线路之一。,N
1382,GW52,T2198,“E线”的运营时间为24小时。,C
1383,GW106,T2198,Aurora Village Transit Center位于华盛顿州金县。,E
1384,GW106,T2198,“E路线”的运行时间比之前的358X路线更长。,N
1385,GW106,T2198,“E线”完全在国王县一个城市内运作。,C
1386,GW12,T2199,加里·罗德斯(Gary Rhodes)是名为“罗德W1”的正式餐厅的厨师。,E
1387,GW12,T2199,“罗德W1”只提供高级厨房类型的菜肴。,N
1388,GW12,T2199,"开放24小时,“Rhodes W1”位于英国伦敦。",C
1389,GW52,T2199,W1 已经不在业务中了。,E
1390,GW52,T2199,“罗德W1”被认为是一个成功的业务。,N
1391,GW52,T2199,W1有超过50个覆盖。,C
1392,GW74,T2199,加里·罗德斯在“罗德W1”准备高级美食,E
1393,GW74,T2199,Gary Rhodes来自伦敦英格兰,N
1394,GW74,T2199,加里·罗德斯主要做法国菜,C
1395,GW52,T2200,“雷克斯里奇蒙德高速快递”在五年前开始服务。,E
1396,GW52,T2200,“REX理查蒙特高速公路”尚未被翻新。,N
1397,GW52,T2200,“REX 里奇蒙德高速公路快递”全天候运营。,C
1398,GW28,T2200,“Rex Richmond Highway Express”已经在弗吉尼亚州服役了十多年。,E
1399,GW28,T2200,“Rex Richmond Highway Express”每趟车只需1美元。,N
1400,GW28,T2200,“Rex Richmond Highway Express”已经为多个州服务了几十年。,C
1401,GW74,T2200,“Rex Richmond Highway Express”的开始也是服务的地标之一,E
1402,GW74,T2200,艾森豪威尔大道站位于弗吉尼亚州亨廷顿。,N
1403,GW74,T2200,“REX理查蒙特高速公路快递”每30分钟从周六下午4点30分开始运行,C
1404,GW86,T2201,“火箭”可以引起身体和心理异常。,E
1405,GW86,T2201,“”总是涉及维生素D的缺乏。,N
1406,GW86,T2201,"“火箭”在北美,南美,亚洲和澳大利亚以外是罕见的。",C
1407,GW12,T2201,"“”通常发生在童年,可以用维生素D和钙治疗。",E
1408,GW12,T2201,“”可以通过血液测试和X射线来诊断。,N
1409,GW12,T2201,“”是一种只在非洲发现的疾。,C
1410,GW52,T2201,“Rickets”通常发生在儿童身上。,E
1411,GW52,T2201,手术不需要疮。,N
1412,GW52,T2201,“火箭”是东大西洋罕见的。,C
1413,GW12,T2202,位于德国巴伐利亚的罗森海姆 - 萨尔茨堡铁路也以罗森海姆 - 萨尔茨堡铁路的原名命名。,E
1414,GW12,T2202,罗森海姆 - 萨尔茨堡铁路有13个站点遍布巴伐利亚和萨尔茨堡。,N
1415,GW12,T2202,奥地利联邦铁路是罗森海姆 - 萨尔茨堡铁路的所有者和运营商。,C
1416,GW63,T2202,罗森海姆 - 萨尔茨堡铁路仍有10个车站工作,E
1417,GW63,T2202,罗森海姆 - 萨尔茨堡铁路从未超过每小时99英里的速度。,N
1418,GW63,T2202,罗森海姆 - 萨尔茨堡铁路90公里长的三条轨道,C
1419,GW52,T2202,罗森海姆 - 萨尔茨堡铁路达到近100英里每小时的速度。,E
1420,GW52,T2202,罗森海姆 - 萨尔茨堡铁路一直有13个站。,N
1421,GW52,T2202,罗森海姆 - 萨尔茨堡铁路最近被关闭。,C
1422,GW86,T2203,“三星Galaxy Note9”有多个摄像头。,E
1423,GW86,T2203,“三星Galaxy Note9”仍在生产中。,N
1424,GW86,T2203,“三星Galaxy Note9”是一系列设备中最新的模型。,C
1425,GW52,T2203,“三星Galaxy Note9”去年首次发布。,E
1426,GW52,T2203,“三星Galaxy Note9”仍在生产中。,N
1427,GW52,T2203,“三星Galaxy Note9”是Note系列中的第一个。,C
1428,GW106,T2203,用户可以通过按下Bixby按钮或使用S Pen与Galaxy Note 9互动。,E
1429,GW106,T2203,美国Galaxy Note 9的AT&T版本的型号是SM-N960A。,N
1430,GW106,T2203,Galaxy Note 9在2018年12月的一次软件更新后获得了在5G网络上运行的能力。,C
1431,GW52,T2204,旧金山 - 奥克兰湾大桥于1930年代开通。,E
1432,GW52,T2204,旧金山 - 奥克兰湾大桥多年来一直在进行翻新。,N
1433,GW52,T2204,旧金山 - 奥克兰湾大桥每天不到10万辆汽车穿过它。,C
1434,GW4,T2204,旧金山 - 奥克兰湾大桥已经存在80多年了。,E
1435,GW4,T2204,旧金山 - 奥克兰湾大桥一直花费相同的费用。,N
1436,GW4,T2204,旧金山 - 奥克兰湾大桥每天只有1万名乘客。,C
1437,GW86,T2204,旧金山 - 奥克兰湾大桥的建设花了3年时间。,E
1438,GW86,T2204,旧金山 - 奥克兰湾大桥上任何地点的最高点是14.67英尺。,N
1439,GW86,T2204,旧金山 - 奥克兰湾大桥东部的总长度大于西部的总长度。,C
1440,GW74,T2205,“SAT”在全球范围内提供英语。,E
1441,GW74,T2205,加拿大“SAT”60美元,N
1442,GW74,T2205,在数学中可以获得900分。,C
1443,GW4,T2205,“SAT”是在纸上亲自拍摄的。,E
1444,GW4,T2205,“SAT”最终带来了每个时代的数百万美元。,N
1445,GW4,T2205,“SAT”是在20世纪50年代发明的。,C
1446,GW28,T2205,“SAT”是用于进入美国本科课程的标准化测试。,E
1447,GW28,T2205,“SAT”是世界各地的学生进行的安全和欺诈性测试。,N
1448,GW28,T2205,"“SAT”是多日测试,提供多种语言。",C
1449,GW28,T2206,“精神分裂症”是一种可治疗的精神疾病,E
1450,GW28,T2206,“精神分裂症”主要影响女性。,N
1451,GW28,T2206,“精神分裂症”是由环境因素引起的。,C
1452,GW106,T2206,"药物使用是已知增加精神分裂症的症状,如幻觉和幻觉的一个因素。",E
1453,GW106,T2206,那些患有抑郁型精神分裂症的人的自杀率低于那些患有双极型的人。,N
1454,GW106,T2206,停止使用药物可以治愈精神分裂症。,C
1455,GW19,T2206,"尽管现代医学取得了进步,但精神病学家尚未确定精神分裂症的确切原因。",E
1456,GW19,T2206,情绪稳定剂在治疗双极障碍方面比抗精神病药物更有效。,N
1457,GW19,T2206,现代医学的进步使精神病学家能够通过行为修改来治疗精神分裂症。,C
1458,GW86,T2207,“精神分裂症”可能导致死亡。,E
1459,GW86,T2207,“精神分裂症”有时发生在30岁以上的人身上。,N
1460,GW86,T2207,“精神分裂症”是一种急性疾病。,C
1461,GW106,T2207,自闭症和“精神分裂症”有许多相同的症状。,E
1462,GW106,T2207,精神分裂症患者的预期寿命只有在他们同时患有心脏病的情况下才比平均寿命短。,N
1463,GW106,T2207,大多数精神分裂症患者无法找到工作。,C
1464,GW52,T2207,“精神分裂症”每年导致15000多人死亡。,E
1465,GW52,T2207,“精神分裂症”可以在任何年龄开始。,N
1466,GW52,T2207,“精神分裂症”不会带来更短的预期寿命。,C
1467,GW60,T2208,SQA的预算为每名员工约11333英镑。,E
1468,GW60,T2208,戴夫·米德尔顿喜欢在格拉斯哥。,N
1469,GW60,T2208,大卫·米德尔顿在工作时不会说英语。,C
1470,GW12,T2208,有关SQA的信息可在www.sqa.org.uk找到。,E
1471,GW12,T2208,位于苏格兰的苏格兰资格管理局拥有750名员工。,N
1472,GW12,T2208,戴维·米德尔顿是苏格兰资格管理局的主席。,C
1473,GW52,T2208,苏格兰资格管理局的预算超过1000万。,E
1474,GW52,T2208,SQA可以被认为是一家小型企业。,N
1475,GW52,T2208,SQA的总部位于英国。,C
1476,GW52,T2209,首尔地铁3号线30多年前开通,E
1477,GW52,T2209,首尔地铁3号线从未改造过。,N
1478,GW52,T2209,“首尔地铁3号线”对所有路线都有相同的路线长度。,C
1479,GW74,T2209,有 8 个更多的 Korail 站比有轨道的数量,E
1480,GW74,T2209,首尔地铁3号线于1985年开通时有44个站。,N
1481,GW74,T2209,有更多的 Termini 比有更多的轨道,C
1482,GW12,T2209,首尔地铁3号线的原名是Sam Hoseon。,E
1483,GW12,T2209,首尔地铁3号线是一条有3个站的快速过境地铁系统。,N
1484,GW12,T2209,首尔地铁3号线于1985年冬天开通。,C
1485,GW52,T2210,定居点 - 卡莱尔线于1870年代开通。,E
1486,GW52,T2210,Settle-Carlisle路线多年来一直在使用。,N
1487,GW52,T2210,塞特尔 - 卡里斯尔线路的长度为100英里。,C
1488,GW12,T2210,塞特尔 - 卡里斯尔铁路是国家铁路系统的主要线路。,E
1489,GW12,T2210,英格兰西北部是塞特尔 - 卡里斯尔线的唯一地方。,N
1490,GW12,T2210,Network Rail 和 Neville Hill 是 Settle-Carlisle 路线的所有者。,C
1491,GW25,T2210,Settle-Carlisle线有位于英国北部的10个车站。,E
1492,GW25,T2210,塞特尔 - 卡里斯尔铁路线是一个繁忙的铁路线。,N
1493,GW25,T2210,"The Settle-Carlisle由北方铁路公司拥有,提供5项服务。",C
1494,GW105,T2211,老年公民更容易患上“疮”。,E
1495,GW105,T2211,“Shingles”将持续3周。,N
1496,GW105,T2211,“”可以通过血液检测来诊断。,C
1497,GW52,T2211,“疮”影响每3人1在他们的生命中某个时候。,E
1498,GW52,T2211,“Shingles”有一个共同的开始年龄。,N
1499,GW52,T2211,“Shingles”需要一个多月的时间来清理。,C
1500,GW25,T2211,"“麻疹”可以用疫苗预防,也可以用药物治疗。",E
1501,GW25,T2211,Varicella zoster病毒的爆发基于疼痛皮疹在腿部出现的症状。,N
1502,GW25,T2211,疹、疮和昆虫咬伤是唯一与鸡相关的疾病。,C
1503,GW106,T2212,“新加坡航空368号航班”的所有乘客都无人受伤地疏散了飞机。,E
1504,GW106,T2212,“新加坡航空368航班”期间发生的飞机火灾发生在飞机降落后。,N
1505,GW106,T2212,导致“新加坡航空368航班”期间飞机发生火灾的油漏发生在离开马尔彭萨机场后不久。,C
1506,GW52,T2212,SQ368的事故并非致命。,E
1507,GW52,T2212,SQ368的机组人员报告称看到了烟雾。,N
1508,GW52,T2212,SQ368事故发生在20世纪90年代。,C
1509,GW74,T2212,新加坡航空368号航班的乘客多于乘客,E
1510,GW74,T2212,新加坡航空一直使用波音777-312ER,N
1511,GW74,T2212,伤亡人数多于死亡人数,C
1512,GW86,T2213,“睡眠瘫痪”有时估计发生在一半的人身上。,E
1513,GW86,T2213,“睡眠瘫痪”总是需要医疗治疗。,N
1514,GW86,T2213,“睡眠瘫痪”可以持续一小时。,C
1515,GW52,T2213,“睡眠瘫痪”可能影响到一半的人口。,E
1516,GW52,T2213,“睡眠瘫痪”随着时间的推移而增长。,N
1517,GW52,T2213,“睡眠瘫痪”可以持续一小时。,C
1518,GW28,T2213,"“睡眠瘫痪”是一种临时的疾病,人们在睡眠前或之后失去运动功能。",E
1519,GW28,T2213,“睡眠瘫痪”主要影响女性。,N
1520,GW28,T2213,“睡眠瘫痪”可能持续数天,C
1521,GW95,T2214,社会工作者全都上大学。,E
1522,GW95,T2214,大多数社会工作者在克鲁什工作,N
1523,GW95,T2214,"你可以成为一名社会工作者,如果你有同事学位",C
1524,GW28,T2214,社会工作可以导致在获得学位后在各种角色和组织中工作。,E
1525,GW28,T2214,社会工作是一个高薪的职业。,N
1526,GW28,T2214,社会工作者只能通过GED找到工作。,C
1527,GW52,T2214,社会工作有几个层次。,E
1528,GW52,T2214,"自20世纪转型以来,社会工作一直在增加。",N
1529,GW52,T2214,社会工作只涉及身体健康。,C
1530,GW25,T2215,汉弗里·戴维首先发现并隔离了具有白银色金属外观的“钠”。,E
1531,GW25,T2215,"大多数碱性金属具有白银的金属外观,难以区分。",N
1532,GW25,T2215,“”具有银色金色金属外观和治愈性自然现象。,C
1533,GW4,T2215,“钠”以白色和白银色而闻名。,E
1534,GW4,T2215,“”在与水相互作用时会爆炸。,N
1535,GW4,T2215,“”在1500年代被发现。,C
1536,GW52,T2215,“”在19世纪首次被发现。,E
1537,GW52,T2215,“”目前在许多食品中使用。,N
1538,GW52,T2215,“”是第一个被发现的10个元素之一。,C
1539,GW52,T2216,Xperia X8在这一十年内首次亮相。,E
1540,GW52,T2216,Xperia X8目前仍在生产中。,N
1541,GW52,T2216,Xperia X8 拥有 1 GB 的内存。,C
1542,GW86,T2216,“Sony Ericsson Xperia X8”具有比存储容量更大的内存。,E
1543,GW86,T2216,“索尼爱立信Xperia X8”配备了16GB可移除的存储空间。,N
1544,GW86,T2216,“索尼爱立信Xperia X8”已经有十多年了。,C
1545,GW1,T2216,“索尼爱立信Xperia X8”于2010年夏天发布。,E
1546,GW1,T2216,“索尼爱立信Xperia X8”的音频比索尼爱立信Xperia X10 Mini更好。,N
1547,GW1,T2216,“Sony Ericsson Xperia X8”重量超过4磅。,C
1548,GW74,T2217,SSC CGL旨在确保印度政府组织的就业机会,E
1549,GW74,T2217,SSC CGL 在印度每年在同一时间提供,N
1550,GW74,T2217,SSC CGL始于19世纪的印度。,C
1551,GW4,T2217,“SSC综合研究生水平考试”要求有人先上大学。,E
1552,GW4,T2217,“SSC综合研究生水平考试”为印度赚了很多钱。,N
1553,GW4,T2217,“SSC综合研究生水平考试”已经实践了50多年。,C
1554,GW52,T2217,SSC CGL 始于 1970 年代。,E
1555,GW52,T2217,SSC CGL已经在印度以外提供。,N
1556,GW52,T2217,SSC CGL是免费的所有测试者。,C
1557,GW52,T2218,“Subgame Perfect Equilibrium”用于游戏。,E
1558,GW52,T2218,“Subgame Perfect Equilibrium”是一部最近的技术。,N
1559,GW52,T2218,“下游完美平衡”与进化上多样化的战略交叉。,C
1560,GW28,T2218,“Subgame Perfect Equilibrium”是游戏中使用的一种策略。,E
1561,GW28,T2218,“完美平衡子游戏”是由哈佛经济学家创建的。,N
1562,GW28,T2218,“Subgame Perfect Equilibrium”是一个独立的概念。,C
1563,GW12,T2218,"用于广泛的形式游戏,Ultimatum游戏是“Subgame Perfect Equilibrium”的一个例子。",E
1564,GW12,T2218,“完美平衡”与纳什平衡交叉。,N
1565,GW12,T2218,"“Subgame Perfect Equilibrium”被更多的人提议,而不仅仅是Reinhard Selten。",C
1566,GW106,T2219,"2003年夏天,苏丹航空139号航班坠毁。",E
1567,GW106,T2219,机上139号航班的乘客大多是苏丹公民。,N
1568,GW106,T2219,超过50%的机组人员和139号航班的乘客最终在哈尔图姆国际机场的几英里内获救。,C
1569,GW74,T2219,机组人员和乘客共117人。,E
1570,GW74,T2219,苏丹航空只使用波音737-200C,N
1571,GW74,T2219,死亡人数比乘客少,C
1572,GW12,T2219,“苏丹航空139号航班”于2003年7月8日飞往哈图姆国际机场。,E
1573,GW12,T2219,"“苏丹航空139号航班”是一架波音飞机,名为白尼罗河。",N
1574,GW12,T2219,有117名乘客和106人遇难“苏丹航空139号航班”坠毁。,C
1575,GW105,T2220,“Sushi Mizutani餐厅”已经存在了11年。,E
1576,GW105,T2220,Hachiro Mizutani亲自欢迎客人。,N
1577,GW105,T2220,大群人只能出场吃饭。,C
1578,GW1,T2220,“Sushi Mizutani餐厅”于2016年秋季关闭。,E
1579,GW1,T2220,很难在“Sushi Mizutani餐厅”获得预订。,N
1580,GW1,T2220,“Sushi Mizutani餐厅”于2005年夏天开业。,C
1581,GW109,T2220,主人一直保持着服装代码是商业偶然的所有时间。,E
1582,GW109,T2220,在这个餐厅是最有价值的那些时间段。,N
1583,GW109,T2220,"食物类型不是寿司,他们必须做好准备的另一种食物。",C
1584,GW86,T2221,"“同步”通常发生得很快,持续很短的时间。",E
1585,GW86,T2221,“同步”通常是由心脏病引起的。,N
1586,GW86,T2221,“Syncope”发生在大约5%的人口。,C
1587,GW28,T2221,"“同步”是一种减少到大脑的血液流动的医疗状况,导致一个人失明。",E
1588,GW28,T2221,“Syncope”是容易和负担得起的治疗。,N
1589,GW28,T2221,“同步”在受苦时会引起超意识。,C
1590,GW52,T2221,“syncope”发生在人口的不到1%。,E
1591,GW52,T2221,“Syncope”的症状在所有情况下都是相同的。,N
1592,GW52,T2221,“Syncope”持续了很长时间。,C
1593,GW52,T2222,“Tangerine_Microtan_65”在20世纪70年代首次亮相。,E
1594,GW52,T2222,“Tangerine_Microtan_65”至今仍在使用。,N
1595,GW52,T2222,“Tangerine_Microtan_65”容纳超过100KB的RAM。,C
1596,GW74,T2222,“Tangerine_Microtan_65”最初在1979年花费79.35英镑。,E
1597,GW74,T2222,“Tangerine_Microtan_65”是1979年第一台个人电脑。,N
1598,GW74,T2222,“Tangerine_Microtan_65”最初在1979年花费100英镑。,C
1599,GW19,T2222,Tangerine Microtan 65个人电脑在大约40年前被引入。,E
1600,GW19,T2222,Tangerine Microtan 65个人电脑在1979年发布时是技术界的直接喜爱。,N
1601,GW19,T2222,Tangerine Microtan 65个人电脑在2014年CES上首次亮相。,C
1602,GW4,T2223,作为教师的人通常需要特殊的教育。,E
1603,GW4,T2223,那些是教师的人总是在学校工作。,N
1604,GW4,T2223,那些是教师的人通常教他们以前没有学过的科目。,C
1605,GW12,T2223,教师是一个在学校里发生的职业。,E
1606,GW12,T2223,教师应具备规划和领导能力。,N
1607,GW12,T2223,心理学是学校教师所需的唯一能力。,C
1608,GW86,T2223,教师被视为专业人士。,E
1609,GW86,T2223,一个国家的教学证书通常允许在其他国家教学。,N
1610,GW86,T2223,教学只涉及一项能力。,C
1611,GW86,T2224,“Telmac 1800”是一系列家庭计算机型号之一。,E
1612,GW86,T2224,“Telmac 1800”可以显示彩色图形。,N
1613,GW86,T2224,“Telmac 1800”使用了破碎磁盘。,C
1614,GW52,T2224,“Telmac 1800”在40多年前首次亮相。,E
1615,GW52,T2224,“Telmac 1800”具有可扩展的CPU。,N
1616,GW52,T2224,“Telmac 1800”被认为是一个微型计算机。,C
1617,GW12,T2224,“Telmac 1800”是42年前发布的家庭计算机。,E
1618,GW12,T2224,"被认为是计算机套件,“Telmac 1800”具有64 x 32像素的显示分辨率。",N
1619,GW12,T2224,"有了2KB的RAM,“Telmac 1800”只有Telmac TMC-600作为继任者。",C
1620,GW52,T2225,“Tevet的十日”是一个犹太人的事件。,E
1621,GW52,T2225,“Tevet的十日”通常每年都发生。,N
1622,GW52,T2225,2019年的“Tevet的十分之一”将于2019年举行。,C
1623,GW4,T2225,“Tevet的十分之一”开始在太阳升起之前,E
1624,GW4,T2225,“Tevet的十分之一”已经练习了1000多年。,N
1625,GW4,T2225,“Tevet的十分之一”是人们吃的食物比正常的多。,C
1626,GW74,T2225,2019年和2020年的“Tenth of Tevet”日期都将于2020年举行,E
1627,GW74,T2225,所有犹太人禁食“Tenth of Tevet”,N
1628,GW74,T2225,2018年日期和2020年日期为“Tenth of Tevet”发生在不同的月份,C
1629,GW1,T2226,“Terbium”在19世纪被发现并首次被孤立。,E
1630,GW1,T2226,“Terbium”几乎总是坚固的。,N
1631,GW1,T2226,“Terbium”颜色更为暗。,C
1632,GW4,T2226,“Terbium”的原子重量大于150。,E
1633,GW4,T2226,“Terbium”可以在固体形式中找到。,N
1634,GW4,T2226,“Terbium”成立于1900年代末。,C
1635,GW28,T2226,“Terbium”是由一个人发现和孤立的元素。,E
1636,GW28,T2226,“Terbium”是一个罕见的元素。,N
1637,GW28,T2226,“Terbium”是以发现它的人命名的。,C
1638,GW106,T2227,大学申请人可以使用前一年的考试的TOEFL分数。,E
1639,GW106,T2227,TOEFL考试是美国大多数Ivy League学院和大学所要求的。,N
1640,GW106,T2227,TOEFL考试的数学部分占考试总分的25%。,C
1641,GW19,T2227,标准化“英语作为外语考试”(TOEFL)是建立语言能力的全球公认方法。,E
1642,GW19,T2227,联合国要求求职者通过TOEFL。,N
1643,GW19,T2227,TOEFL只在东欧和东南亚国家提供。,C
1644,GW52,T2227,TOEFL始于20世纪60年代。,E
1645,GW52,T2227,TOEFL可以从任何大陆。,N
1646,GW52,T2227,TOEFL有负分数。,C
1647,GW12,T2228,“”和Lockjaw是相同的疾病。,E
1648,GW12,T2228,可通过疮疫苗预防。,N
1649,GW12,T2228,"肌肉萎缩,发烧和头痛是疮的风险因素。",C
1650,GW105,T2228,"“”是一种传染性疾病,可以从几天到近一个月的任何地方出现。",E
1651,GW105,T2228,大多数患者在15天内经历了“疮”。,N
1652,GW105,T2228,"大多数时候,疮是非常致命的。",C
1653,GW19,T2228,"在2015年,只有不到一半的感染Lockjaw的人死于这种疾病。",E
1654,GW19,T2228,洛克耶夫在美国被淘汰。,N
1655,GW19,T2228,洛克耶夫是一种无法治愈的终端疾病。,C
1656,GW105,T2229,Ledbury餐厅于十多年前开业。,E
1657,GW105,T2229,Ledbury餐厅拥有强大的在线存在。,N
1658,GW105,T2229,Ledbury餐厅可以同时接待数百人。,C
1659,GW60,T2229,布雷特·格雷厄姆是英国厨师。,E
1660,GW60,T2229,布雷特·格雷厄姆住在伦敦。,N
1661,GW60,T2229,布雷特·格雷厄姆在Ledbury餐厅担任首席厨师已有20年。,C
1662,GW1,T2229,Ledbury餐厅开业于21世纪的第一十年。,E
1663,GW1,T2229,布雷特·格雷厄姆是Ledbury餐厅的原始厨师,N
1664,GW1,T2229,Ledbury餐厅可容纳60人以上。,C
1665,GW19,T2230,华盛顿州的一个轻型火车站图克维拉国际大道火车站已经开通了10多年。,E
1666,GW19,T2230,Tukwila国际大道火车站是前往西雅图市中心的乘客热门的火车站。,N
1667,GW19,T2230,图克维拉国际大道火车站是国家首都的热门火车站。,C
1668,GW86,T2230,图克维拉国际大道火车站(Tukwila International Boulevard Station)有和轨道一样多的侧面平台。,E
1669,GW86,T2230,图克维拉国际大道站有轮椅拉姆。,N
1670,GW86,T2230,图克维拉国际大道火车站不到十年前就开通了。,C
1671,GW28,T2230,"图克维拉国际大道站(英语:Tukwila International Boulevard Station,简称Link Light Rail Station)是美国华盛顿州的一座公共交通站。",E
1672,GW28,T2230,“Tukwila International Boulevard Station (Link Light Rail Station)”接受现金和数字支付。,N
1673,GW28,T2230,“图克维拉国际大道站(Link Light Rail Station)”有一个快递轨道和两个当地轨道。,C
1674,GW1,T2231,“1型糖尿病”有多个症状。,E
1675,GW1,T2231,“1型糖尿病”最初被称为青少年糖尿病。,N
1676,GW1,T2231,只有1种治疗“1型糖尿病”。,C
1677,GW28,T2231,"“1型糖尿病”可以治疗,但不能预防。",E
1678,GW28,T2231,“1型糖尿病”比男性影响更多女性。,N
1679,GW28,T2231,"“1型糖尿病”的原因是一个谜团,无法治疗",C
1680,GW74,T2231,风险因素多于原因,E
1681,GW74,T2231,疾导致频繁排尿,N
1682,GW74,T2231,通常的开始和持续时间是相同的时间长度,C
1683,GW12,T2232,非胰岛素依赖糖尿病(NIDDM)是“2型糖尿病”的另一个名称。,E
1684,GW12,T2232,"“2型糖尿病”是一种长期的疾病,发生在童年时期。",N
1685,GW12,T2232,患有“2型糖尿病”的人可以期望比普通人长活10年。,C
1686,GW28,T2232,"“2型糖尿病”是一种可治疗的疾病,主要影响老年人。",E
1687,GW28,T2232,“2型糖尿病”是由于摄入过多的糖而引起的。,N
1688,GW28,T2232,“2型糖尿病”可以用药物治愈。,C
1689,GW52,T2232,2型糖尿病的预期寿命比正常成年人短。,E
1690,GW52,T2232,2型糖尿病是最常见的糖尿病类型。,N
1691,GW52,T2232,2型糖尿病是通过睡眠研究来诊断的。,C
1692,GW60,T2233,最多有5%的人需要结肠镜与组织生物检测来诊断“溃性结肠炎”。,E
1693,GW60,T2233,"更多的人死于“溃性结肠炎”,而不是克罗恩病。",N
1694,GW60,T2233,青少年不能得到溃性结肠炎。,C
1695,GW52,T2233,"“溃性结肠炎”,当与克罗恩病相结合时,每年导致超过47000人死亡。",E
1696,GW52,T2233,“溃性结肠炎”没有预防方法。,N
1697,GW52,T2233,“溃性结肠炎”影响了超过1%的人口。,C
1698,GW74,T2233,症状多于并发症,E
1699,GW74,T2233,“溃性结肠炎”的持续时间是通常的开始时间。,N
1700,GW74,T2233,诊断方法超过治疗,C
1701,GW4,T2234,“Unaza公交线”每天运行20次以上。,E
1702,GW4,T2234,“Unaza公交线”每小时行驶超过50英里。,N
1703,GW4,T2234,“Unaza巴士线”只到达每半小时。,C
1704,GW86,T2234,“Unaza公交线”每天不超过6小时。,E
1705,GW86,T2234,乘坐“Unaza公交车”的行程有时需要30分钟以上。,N
1706,GW86,T2234,周末的“Unaza公交线”比周末更少。,C
1707,GW52,T2234,“Unaza公交线”一天四分之四以上运行。,E
1708,GW52,T2234,“Unaza公交线”尚未修改或翻新。,N
1709,GW52,T2234,“Unaza公交线”长达100英里以上。,C
1710,GW52,T2235,“大学临床适度测试”每年约有25000人参加。,E
1711,GW52,T2235,“大学临床资格测试”是入学的重要决定因素。,N
1712,GW52,T2235,“大学临床能力测试”需要一整天才能完成。,C
1713,GW1,T2235,“大学临床能力测试”需要大约120分钟的时间。,E
1714,GW1,T2235,“大学临床能力测试”是皮尔森管理的唯一测试。,N
1715,GW1,T2235,“大学临床能力测试”在20世纪首次实施。,C
1716,GW105,T2235,测试者可以使用排除过程。,E
1717,GW105,T2235,一些测试者可以在不到20分钟内完成“大学临床能力测试”。,N
1718,GW105,T2235,每年有数以百万计的人接受测试。,C
1719,GW86,T2236,美国航空1549号航班坠毁是由动物造成的,E
1720,GW86,T2236,美国航空1549号航班的机组人员全部受伤。,N
1721,GW86,T2236,“美国航空1549号航班”在其停飞点和最终目的地之间坠毁。,C
1722,GW4,T2236,美国航空1549号航班从美国东海岸起飞。,E
1723,GW4,T2236,“美国航空1549号航班”在飞行时撞上一只鸭子。,N
1724,GW4,T2236,“美国航空1549号航班”完成了飞行。,C
1725,GW52,T2236,第1549章 十年前的我,E
1726,GW52,T2236,US1549在鸟袭击之前几乎没有发动机问题。,N
1727,GW52,T2236,US1549事故造成5人死亡。,C
1728,GW52,T2237,“犹他山谷快递”去年刚刚开通。,E
1729,GW52,T2237,“犹他山谷快递”全天候运营。,N
1730,GW52,T2237,“犹他山谷快递”以超过60英里/小时的速度行驶。,C
1731,GW4,T2237,“犹他河谷快递”已经不到10年了。,E
1732,GW4,T2237,“犹他河谷快车”建设花了5年时间。,N
1733,GW4,T2237,“犹他河谷快车”比高速公路上的汽车更快。,C
1734,GW19,T2237,犹他州南部奥雷姆的快速巴士服务“犹他山谷快递”已被犹他州过境管理局运营了一年多。,E
1735,GW19,T2237,"在犹他州南部的奥雷姆高速公交车路线没有改变路线,当时它从普罗沃乌雷姆麦克斯改为“犹他谷 Express”。",N
1736,GW19,T2237,“犹他河谷快递”快车线服务于犹他州盐湖市地铁区。,C
1737,GW28,T2238,"Vaisakhi,Baisakhi Punjabi: ਵਿਸਾਖੀ是锡克教徒和印度教徒的宗教信仰。",E
1738,GW28,T2238,"Vaisakhi,Baisakhi Punjabi:在庆祝活动中, ਵਿਸਾਖੀ拍摄烟花和交换礼物。",N
1739,GW28,T2238,"Vaisakhi,Baisakhi Punjabi: ਵਿਸਾਖੀ每年都属于同一个日期。",C
1740,GW86,T2238,Vaisakhi以4种不同的名字而闻名。,E
1741,GW86,T2238,"每年的四月十三日或十四日,每年的四月十三日或四月十四日。",N
1742,GW86,T2238,Vaisakhi是严格的文化观察。,C
1743,GW52,T2238,Baisakh每年大约在同一时间举行。,E
1744,GW52,T2238,Baisakh对所有庆祝的人都有相同的遵守。,N
1745,GW52,T2238,巴萨克每年都发生在同一天。,C
1746,GW86,T2239,“Vesak”已知至少有半个官方名称。,E
1747,GW86,T2239,“Vesak”被世界各地的佛教徒观察到比印度教徒多。,N
1748,GW86,T2239,“Vesak”每年都在同一日期庆祝。,C
1749,GW52,T2239,佛陀节是以每年为基础的。,E
1750,GW52,T2239,佛陀节在整个亚洲都被庆祝。,N
1751,GW52,T2239,"2018年,佛陀节在亚洲各国都同一天庆祝。",C
1752,GW12,T2239,"“Vesak”是一个年度假期,于2019年5月19日庆祝。",E
1753,GW12,T2239,“Vesak”是庆祝Gautama佛陀的宗教节日。,N
1754,GW12,T2239,“Vesak”在冬季期间庆祝。,C
1755,GW28,T2240,“Vidyasagar Setu”是一座六条通道的通道桥。,E
1756,GW28,T2240,“Vidyasagar Setu”花费数十亿美元。,N
1757,GW28,T2240,“Vidyasagar Setu”以其独特的板设计而闻名。,C
1758,GW12,T2240,"“Vidyasagar Setu”也被称为第二高大桥,是三条线路的双向桥梁。",E
1759,GW12,T2240,Braithwaite Burn and Jessop Construction Company Limited是唯一参与桥梁建设的公司。,N
1760,GW12,T2240,“Vidyasagar Setu”于1992年春天开业。,C
1761,GW86,T2240,“Vidyasagar Setu”共有6条线路。,E
1762,GW86,T2240,使用“Vidyasagar Setu”的车辆在两条方向旅行时付费。,N
1763,GW86,T2240,“Vidyasagar Setu”不花费任何车辆使用。,C
1764,GW28,T2241,“Viva Purple”是一条已有十多年历史的公交车线。,E
1765,GW28,T2241,在所有“Viva Purple”公交车上都有公共WiFi。,N
1766,GW28,T2241,“Viva Purple”每小时来两次。,C
1767,GW4,T2241,“Viva Purple”每小时出发四次。,E
1768,GW4,T2241,“Viva Purple”已经每天运行超过14年。,N
1769,GW4,T2241,“Viva Purple”线每年只有几百人乘坐它。,C
1770,GW52,T2241,“Viva Purple”享有5000多名乘客的骑行能力。,E
1771,GW52,T2241,“Viva Purple”按24小时时间表运作。,N
1772,GW52,T2241,“Viva Purple”在20世纪90年代开始运作。,C
1773,GW4,T2242,“Xiaomi Mi 2S”背面有两个不同的摄像头。,E
1774,GW4,T2242,“Xiaomi Mi 2S”的电池大于iPhone。,N
1775,GW4,T2242,“Xiaomi Mi 2S”宽度小于120毫米。,C
1776,GW74,T2242,存储空间比内存多30GB,E
1777,GW74,T2242,“Xiaomi Mi 2S”与Android 4.1 Jelly Bean操作系统有16GB的存储空间,N
1778,GW74,T2242,小米 Mi3 在小米 Mi2 之前,C
1779,GW105,T2242,“Xiaomi Mi 2S”是一款智能手机。,E
1780,GW105,T2242,有足够的记忆力为数百张照片。,N
1781,GW105,T2242,“Xiaomi Mi 2S”有充足的可拆卸存储空间。,C
1782,GW28,T2243,“B1”是一条每天在浙江运行的公交车路线。,E
1783,GW28,T2243,"“B1”是无现金公交车系统,使用电子付款方式。",N
1784,GW28,T2243,“B1”已连续运营十多年。,C
1785,GW12,T2243,位于浙江市的“B1”由浙江巴士通讯公司运营。,E
1786,GW12,T2243,"“B1”从Zhongzhou大道和Nongye路开始,并在Dianchang路B/T结束。",N
1787,GW12,T2243,“B1”每天每七分钟运行一次。,C
1788,GW52,T2243,“B1”已经服役了十年。,E
1789,GW52,T2243,“B1”是最受欢迎的巴士行程之一。,N
1790,GW52,T2243,“B1”按24小时时间表运作。,C
1791,GW28,T2244,"印度尼西亚航空8501号航班飞往新加坡,坠入海中,机上所有人丧生。",E
1792,GW28,T2244,“印度尼西亚航空8501号航班”可能导致飞行员之间的错误通信。,N
1793,GW28,T2244,"“印度尼西亚航空8501号航班”是一架波音Jumbo飞机,在降落地点时坠毁。",C
1794,GW52,T2244,"QZ8501坠毁,导致机上所有人死亡。",E
1795,GW52,T2244,QZ8501在停机前报告了发动机问题。,N
1796,GW52,T2244,QZ8501事故发生在20世纪90年代。,C
1797,GW1,T2244,所有乘坐“印尼航空8501号航班”的人均遇难。,E
1798,GW1,T2244,“印度尼西亚航空8501号航班”是唯一坠毁的“印度尼西亚航空8501号航班”。,N
1799,GW1,T2244,印度尼西亚航空8501号航班在2014年夏天坠毁。,C
