annotater_id,table_ids,hypothesis,label
GW74,T2045,생존자 대부분은 승무원이었다.,E
GW74,T2045,승객 1명 포함 5명 사망,N
GW74,T2045,승무원보다 생존자가 더 많았다.,C
GW52,T2045,1950년 영국 콜롬비아 B-36 추락 피해자 대부분이 살아남았다.,E
GW52,T2045,1950년 영국의 Coluimbia B-36 추락 사고는 추락 전에 엔진 문제를 보고했다.,N
GW52,T2045,1950년 B-36의 사고는 엔진 베이에 새들이 들어오는 것이었다.,C
GW95,T2045,승무원 16명당 한 명의 승객이 있었다.,E
GW95,T2045,사망자들은 모두 승무원이었다.,N
GW95,T2045,승무원보다 승객이 더 많이 사망했다.,C
GW86,T2046,1999년 지지 지진은 10만 건물 이상을 손상하거나 파괴했다.,E
GW86,T2046,1999년 지지 지진은 2415명이 넘는 목숨을 잃었다.,N
GW86,T2046,1999년 지지 지진은 건물이 손상된 것보다 더 많은 건물을 파괴했다.,C
GW95,T2046,지지 지진은 아시아에서 일어났다.,E
GW95,T2046,손상된 대부분의 건물은 주택이었다.,N
GW95,T2046,이 지진은 천년대 초에 일어났다.,C
GW74,T2046,현지 시간은 UTC 시간과 6 시간 차이가 있습니다.,E
GW74,T2046,지난 20년간 29명이 실종됐다.,N
GW74,T2046,UTC 시간의 날짜와 위치 날짜는 동일합니다.,C
GW12,T2047,지난 12월 26일 인도양 해안 지역에서 일어난 2004년 인도양 지진과 지진.,E
GW12,T2047,2004 인도양 지진과 화산으로 인한 총 손해는 15 억 달러 이상이었다.,N
GW12,T2047,폭력적인 2004 인도양 지진과 지진의 원인은 2 만 명 미만의 사망자를 남겼다.,C
GW28,T2047,“2004년 인도양 지진과 지진”은 아시아에서 일어났다.,E
GW28,T2047,“2004년 인도양 지진과 지진”은 유럽만큼이나 멀리서 느껴졌다.,N
GW28,T2047,2004년 인도양 지진과 지진의 정확한 날짜와 시간은 밝혀지지 않았다.,C
GW52,T2047,2004 년 지진 / tsunami는 2 만 명이 넘는 사람들을 죽였다.,E
GW52,T2047,2004 년 지진 / 지진은 여러 대륙에서 느껴졌습니다.,N
GW52,T2047,2004 년의 지진 / tsunami는 극단적 인 지진으로 특징 지어졌습니다.,C
GW63,T2048,2004년 이후 인도네시아에 심각한 지진이 일어났다.,E
GW63,T2048,인도네시아의 일부만이 Nias-Simeulue 지진에 영향을 받았습니다.,N
GW63,T2048,아시아에서는 가벼운 지진이 발생했다.,C
GW12,T2048,2005 Nias-Simeulue 지진은 2005 년 현지 시간 23:09.,E
GW12,T2048,2005년 인도네시아에서 일어난 니아스-시메루에 지진이 인도네시아 지역에 영향을 미쳤다.,N
GW12,T2048,2005 Nias-Simeulue 지진의 결과로 915 명의 부상자와 340 명의 사망자가있었습니다.,C
GW28,T2048,2005 Nias-Simeulue 지진은 아시아에 위치하고 밤에 충돌했습니다.,E
GW28,T2048,2005 Nias-Simeulue 지진은 tsunami를 일으키지 않았습니다.,N
GW28,T2048,2005 Nias-Simeulue 지진은 정확하게 파악할 수 없었습니다.,C
GW52,T2049,시후안 지진은 100억 달러 이상의 피해를 입었다.,E
GW52,T2049,2008년 시후안 지진은 아직도 수리되지 않은 손상을 입었다.,N
GW52,T2049,지진은 X 강도를 초과한 적이 없다.,C
GW74,T2049,UTC 시간과 현지 시간의 8 시간 차이가 있습니다.,E
GW74,T2049,"87,587 명은 모두 14:28:01 CST에서 사망했습니다.",N
GW74,T2049,UTC 시간과 현지 시간의 날짜는 다릅니다.,C
GW1,T2049,2008년 시슈안 지진으로 인해 4백만 명이 넘는 사람들이 부상을 입었다.,E
GW1,T2049,2008년 시후안 지진은 롱맨산 탓과 연관된 유일한 지진이다.,N
GW1,T2049,2008년 겨울에 일어난 ‘시후안 지진’이다.,C
GW63,T2050,6천 명이 넘는 사람들이 부상을 당했으며 2011년 3월 지진으로 300억 달러 이상의 손해가 발생했습니다.,E
GW63,T2050,2018년 3월 6일 일본에서 일어난 2011년 지진 이후에도 후격이 있었다.,N
GW63,T2050,USGS-ANSS ComCat은 일본과 태평양 지역에만 관련되어 있습니다.,C
GW1,T2050,2011 토호쿠 지진과 지진은 4 억 달러 이상의 손해를 유발했습니다.,E
GW1,T2050,"2011 Tōhoku 지진과 지진은 Miyako, Iwate, Tōhoku에 영향을 미치는 최초의 지진이었다.",N
GW1,T2050,"30,000명 이상의 사망자가 2011년 토고쿠 지진과 지진에 의해 발생했다.",C
GW105,T2050,토고쿠 지진과 지진은 봄에 발생한 가장 폭력적인 폭풍 중 하나였습니다.,E
GW105,T2050,태평양 지역은 토호쿠 지진과 지진으로 인해 가장 많은 피해를 입었습니다.,N
GW105,T2050,토고쿠 지진과 지진으로 수백만 명이 실종되었다.,C
GW52,T2051,2016 에콰도르 지진은 500 명이 넘는 사망자를 유발했습니다.,E
GW52,T2051,2016 에콰도르 지진은 미국에서 느껴졌다.,N
GW52,T2051,2016 에콰도르 지진은 극단적인 지진으로 분류되었습니다.,C
GW28,T2051,2016 에콰도르 지진은 수백 명을 죽이고 수천 명을 다쳤다.,E
GW28,T2051,2016 에콰도르 지진은 1 세기 이상 남아메리카에서 가장 강력한 지진이었다.,N
GW28,T2051,2016 에콰도르 지진은 에콰도르에서 지역화되었으며 다른 이웃 국가에 영향을 미치지 않았습니다.,C
GW86,T2051,2016 에콰도르 지진은 하나 이상의 국가에서 느껴졌다.,E
GW86,T2051,2016 에콰도르 지진은 정확히 668 명이 사망했습니다.,N
GW86,T2051,2016 에콰도르 지진은 에콰도르에서만 느껴졌다.,C
GW4,T2052,2019 페루 지진은 1 명 이상의 사망자를 낳았습니다.,E
GW4,T2052,2019 페루 지진은 예상했던 것 중 하나였습니다.,N
GW4,T2052,2019 페루 지진은 약한 지진이었다,C
GW1,T2052,2019 페루 지진은 2 십 명이 넘는 사람들을 다쳤다.,E
GW1,T2052,“2019 페루 지진”은 페루에서 에콰도르보다 더 많은 사람들을 다쳤다.,N
GW1,T2052,2019 페루 지진은 3 시간 이상 지속되었습니다.,C
GW95,T2052,이 지진은 이른 아침에 발생했다.,E
GW95,T2052,사망자 두 명은 에콰도르인이었다.,N
GW95,T2052,지진은 역사상 가장 치명적이었다.,C
GW28,T2053,Acorn Microcomputer는 키보드가 있지만 조이스틱이 아닙니다.,E
GW28,T2053,Acorn Microcomputer는 유럽에서만 판매되었습니다.,N
GW28,T2053,Acorn Microcomputer에는 최첨단 그래픽과 사운드 카드가 포함되어 있습니다.,C
GW12,T2053,Acorn Computers는 1979년에 Acorn Microcomputer를 개발했습니다.,E
GW12,T2053,Acorn Microcomputer에는 25 키 키 키보드와 LED 디스플레이가 있습니다.,N
GW12,T2053,Acorn Atom의 출시 날짜는 40 년 전이었습니다.,C
GW52,T2053,“Acorn Microcomputer”는 40년 전에 데뷔했다.,E
GW52,T2053,Acorn Microcomputer는 저렴한 대안으로 간주되었습니다.,N
GW52,T2053,Acorn Microcomputer는 1MB 이상의 RAM을 보유하고 있습니다.,C
GW1,T2054,Aerotrain은 부분적으로 지상 위에 있습니다.,E
GW1,T2054,Aerotrain은 항상 2 개의 역을 가지고있었습니다.,N
GW1,T2054,Aerotrain은 20 세기 초에 열렸다.,C
GW63,T2054,남성과 여성은 2000 년에 Aerotrain을 사용할 수 있습니다.,E
GW63,T2054,말레이시아 공항 홀딩 베르하드 (Malaysia Airports Holdings Berhad)는 Aerotrain을 건설하고 설계했습니다.,N
GW63,T2054,Aerotrain은 말레이시아에서 2km의 거리에서 지상에서만 작동합니다.,C
GW52,T2054,Aerotrain은 20 년 전에 열렸습니다.,E
GW52,T2054,Aerotrain은 경로에서 속도로 변동합니다.,N
GW52,T2054,Aerotrain은 1 마일 이상의 철도 경로를 가지고 있습니다.,C
GW28,T2055,아프리카 trypanosomiasis는 아프리카에서 tsetse 모기가 전파하는 감염병입니다.,E
GW28,T2055,아프리카 trypanosomiasis는 유럽에서 유래하고 아프리카로 퍼졌습니다.,N
GW28,T2055,수십 년 전 ‘아프리카 트리파노소미아스(African Trypanosomiasis)’가 멸종되었다.,C
GW95,T2055,치료를 받는 대부분의 사람들은 치료를 받는다.,E
GW95,T2055,진단 방법은 매우 고통스럽습니다.,N
GW95,T2055,그것을받는 사람들의 90 %는 그것으로 사망합니다.,C
GW4,T2055,아프리카 trypanosomiasis는 하나 이상의 단계를 가지고 있습니다.,E
GW4,T2055,질병 아프리카 trypanosomiasis는 아프리카에서만 온다.,N
GW4,T2055,아프리카 trypanosomiasis는 그것을 겪는 사람들의 50 % 이상을 죽입니다.,C
GW106,T2056,에이즈로 고통받는 환자의 수명은 항 레트로 바이러스 치료로 크게 증가합니다.,E
GW106,T2056,미국에서 새로운 에이즈 사례의 대부분은 모유에 노출 된 결과로 발생합니다.,N
GW106,T2056,안티 레트로 바이러스 치료는 환자의 작은 비율에서 에이즈를 치료할 수 있습니다.,C
GW19,T2056,인간 면역 결핍 바이러스 (HIV)는 더 이상 1980 년대에 있었던 자동 사형 선고로 간주되지 않습니다.,E
GW19,T2056,보호받지 않은 성관계는 HIV 전염의 주요 방법입니다.,N
GW19,T2056,충분히 일찍 진단하면 HIV는 완전히 치유 될 수 있습니다.,C
GW28,T2056,HIV / AIDS는 알려진 치료가없는 전염병입니다.,E
GW28,T2056,“HIV/AIDS”는 동성애자와 동성애자 커플에게 동등하게 영향을 미칩니다.,N
GW28,T2056,HIV / AIDS는 보통 치료를받지 않은 사람들에게 사형 선고입니다.,C
GW12,T2057,알파 로미오는 알파 로미오 V6 엔진의 제조자이지만 디자이너는 아닙니다.,E
GW12,T2057,알루미늄 알파 로미오 V6 엔진은 알파 로미오 V6 버스라고도합니다.,N
GW12,T2057,알파 로미오 V6 엔진은 30 년 이상 생산되었습니다.,C
GW4,T2057,알파 로미오 V6 엔진은 70 년대에 생산되기 시작했습니다.,E
GW4,T2057,알파 로미오 V6 엔진은 정기적으로 오일 교체가 필요합니다.,N
GW4,T2057,알파 로미오 V6 엔진은 강철 블록으로 만들어집니다.,C
GW52,T2057,알파 로미오 V6는 50 년 동안 생산되었습니다.,E
GW52,T2057,알파 로미오의 V6 엔진은 여러 차량에 사용되었습니다.,N
GW52,T2057,V6는 225 lb 피트 이상의 토크를 가지고있었습니다.,C
GW74,T2058,Altostratus undulatus clouds는 파도층 구름,E
GW74,T2058,Altostratus undulatus 구름은 항상 2400-6100 m의 고도에서 발견됩니다.,N
GW74,T2058,Altostratus undulatus cloud는 강수량을 형성하는 낮은 구름입니다.,C
GW105,T2058,알트로스트라투스 (Altostratus)는 찢어져 보이는 경향이 있습니다.,E
GW105,T2058,"altostratus 구름은 15,000 피트 높이에 나타납니다.",N
GW105,T2058,altostratus 구름은 일반적으로 허리케인이 될 것이라는 것을 의미합니다.,C
GW52,T2058,AS는 8000 피트 이상의 고도에 올라갑니다.,E
GW52,T2058,클라우드에는 분류 시스템이 있습니다.,N
GW52,T2058,비는 AS 구름으로 보장됩니다.,C
GW19,T2059,B.R. Ambedkar의 생일은 인도에서 인정되지만 종교적인 휴일은 아닙니다.,E
GW19,T2059,Babasaheb Ambedkar 박사는 인도의 헌법의 저자로 간주됩니다.,N
GW19,T2059,Babasaheb Ambedkar 박사는 파키스탄의 주요 민족주의 운동의 지도자였습니다.,C
GW63,T2059,Ambedkar Jayanti는 4 월 14 일에 Ashok Vijaya Dashmi와 함께 축하됩니다.,E
GW63,T2059,"B. R, Ambedkar는 또한 Bhim로 알려져 있었다.",N
GW63,T2059,B. R. Ambedkar는 5 월에 태어났습니다.,C
GW86,T2059,Ambedkar Jayanti는 매년 발생합니다.,E
GW86,T2059,Ambedkar Jayanti는 의사의 탄생 기념일을 기념합니다.,N
GW86,T2059,Ambedkar Jayanti는 종교적인 휴일입니다.,C
GW52,T2060,안젤리나는 20 세기 초에 설립되었습니다.,E
GW52,T2060,안젤리나는 여러 종류의 음식을 제공합니다.,N
GW52,T2060,안젤리나는 5 개의 다른 소유자를 겪었습니다.,C
GW74,T2060,"226 Rue de Rivoli, 파리",E
GW74,T2060,Groupe Bertrand는 파리에서 살고 있습니다.,N
GW74,T2060,Antoine Rumpelmayer는 Groupe Bertrand를 소유자로 대체했습니다.,C
GW4,T2060,안젤리나는 100 년 전에 처음으로 열렸습니다.,E
GW4,T2060,안젤리나는 프랑스에서 먹을 수있는 최고의 장소 중 하나로 알려져 있습니다.,N
GW4,T2060,안젤리나는 단지 하나의 주요 위치를 가지고 있습니다.,C
GW86,T2061,Apple I는 일련의 컴퓨터 중 하나였다.,E
GW86,T2061,Apple I에는 디스크 드라이브가 있었다.,N
GW86,T2061,"Apple I는 소개되었을 때 2,000 달러 이상의 비용이 들었습니다.",C
GW52,T2061,Apple I는 2 년 이내에 생산되었습니다.,E
GW52,T2061,Apple I는 애플이 개발한 최초의 모델이었습니다.,N
GW52,T2061,Apple I는 출시 당시 저렴한 컴퓨터였습니다.,C
GW28,T2061,Apple I는 2 년 이내에 시장에있었습니다.,E
GW28,T2061,Apple I는 게임을위한 두 개의 조이스틱을 제공했습니다.,N
GW28,T2061,Apple I가 도입되었고 같은 해에 생산이 중단되었습니다.,C
GW28,T2062,Argon은 100 년 이상 알려져있다.,E
GW28,T2062,Argon은 흡입하면 치명적입니다.,N
GW28,T2062,Argon에 대한 녹기와 끓는 지점은 동일합니다.,C
GW74,T2062,녹는 지점은 끓는 지점보다 4°C 이상이다.,E
GW74,T2062,원자 숫자는 껍질 당 전자의 합입니다.Atomic number is the sum of electrons per shell.,N
GW74,T2062,비판적 점은 정확히 삼중점의 두 배입니다.,C
GW52,T2062,아르곤(Argon)은 발견된 최초의 20개 원소 중 하나였다.,E
GW52,T2062,Argon은 오늘날까지 일반적으로 사용됩니다.,N
GW52,T2062,‘아르곤’은 20세기에 발견되었다.,C
GW28,T2063,아스타틴은 20 세기 초반에 여러 사람에 의해 발견되었습니다.,E
GW28,T2063,아스타틴은 야생에서 우연히 발견되었습니다.,N
GW28,T2063,아스타틴은 원소를 발견 한 과학자 중 한 명을 따서 명명되었습니다.,C
GW4,T2063,Astatine은 주기 테이블에서 찾을 수 있습니다.,E
GW4,T2063,“아스타틴”은 켜질 때 빛납니다.,N
GW4,T2063,“아스타틴”은 매우 반응성으로 알려져 있습니다.,C
GW95,T2063,Astatine는 run down 요소에서 발견됩니다.,E
GW95,T2063,이탈리아인 3명에 의해 발견되었다.,N
GW95,T2063,아스타틴은 깨끗한 표면에서 발견됩니다.,C
GW95,T2064,자폐증은 보통 유아 모드에서 진단됩니다.,E
GW95,T2064,대부분의 자폐증 환자는 커뮤니케이션 문제로 인해 괴롭힘을 당합니다.,N
GW95,T2064,자폐증은 샷으로 치료됩니다.,C
GW52,T2064,자폐증은 매년 약 25 백만 명의 사람들에게 영향을줍니다.,E
GW52,T2064,자폐증의 출현은 수년 동안 증가했습니다.,N
GW52,T2064,자폐증은 단지 몇 달 동안 지속됩니다.,C
GW4,T2064,자폐증은 어린 아이들에게 증상을 나타내는 질병입니다.,E
GW4,T2064,자폐증을 가진 사람들은 대개 다른 사람들과 이야기하는 데 어려움을 겪습니다.,N
GW4,T2064,“자폐증”을 가진 사람들은 대개 그것에 의해 죽습니다.,C
GW19,T2065,NYC 교통 당국이 운영하는 MTA NYC 버스 시스템의 일부인 B25 Fulton Street 라인은 매년 2.5 백만 명이 넘는 승객을 보유하고 있습니다.,E
GW19,T2065,B25 버스 라인은 NYC 버스 시스템에서 가장 많이 사용되는 라인 중 하나입니다.,N
GW19,T2065,B25 버스 라인은 Upper West Side에서 Staten Island까지 운행합니다.,C
GW106,T2065,B25 Fulton Street Line은 브루클린의 요크 스트리트에서 여행합니다.,E
GW106,T2065,B25 버스는 항상 이스트 뉴욕 디포트 (East New York Depot)에 위치해 있습니다.,N
GW106,T2065,MTA는 b5 Fulton Street Line의 운영을 낮 시간부터 저녁 시간까지 제한합니다.,C
GW86,T2065,B25 Fulton Street Line은 하루 24 시간을 운행합니다.,E
GW86,T2065,b25 Fulton Street Line은 대부분의 경로를 Fulton Street에서 운행합니다.,N
GW86,T2065,‘B25 Fulton Street Line’은 브로드웨이 정류장에서 시작하여 프론트 스트리트에서 끝납니다.,C
GW52,T2066,B48 로리머 스트리트는 매년 1 백만 명이 넘는 여행자를 도와줍니다.,E
GW52,T2066,b48 Lorimer Street는 여전히 스트리트카 서비스를 제공합니다.,N
GW52,T2066,b48 Lorimer Street는 하루 종일만 운영됩니다.,C
GW84,T2066,Fresh Pond Depot은 브루클린에 위치해 있습니다.,E
GW84,T2066,B48 Lorimor Street에 매년 2백만 명이 넘는 파트너가 있습니다.,N
GW84,T2066,Fresh Pond Depot에서 버스만 주차합니다.,C
GW74,T2066,b48 Lorimer Street는 1884 년에 노바 버스 RTS-06를 사용하지 않았습니다.,E
GW74,T2066,b48 로리머 스트리트는 1947년 오리온 7호를 사용하기 시작했다.,N
GW74,T2066,b48 Lorimer Street은 같은 지역에서 시작하고 끝납니다.,C
GW52,T2067,‘B63 Fifth Avenue Line’은 19세기에 개발되었다.,E
GW52,T2067,B63 다섯 번째 거리 라인은 수년 동안 길이에 변화가있었습니다.,N
GW52,T2067,“B63 Fifth Avenue Line”의 연간 사용률은 5 백만을 초과합니다.,C
GW106,T2067,B63 라인은 길이 6 마일 미만입니다.,E
GW106,T2067,B63 Fifth Avenue Line은 브루클린에서 매년 가장 많이 여행되는 경로입니다.,N
GW106,T2067,B63 Fifth Avenue 라인의 마지막 픽업은 Pier 6에서 11:59PM에 출발합니다.,C
GW28,T2067,b63 Fifth Avenue Line는 뉴욕 브루클린에서 1 세기 전에 서비스를 시작한 버스 라인입니다.,E
GW28,T2067,“B63 Fifth Avenue Line”은 비행 시간에 가격을 줄였습니다.,N
GW28,T2067,b63 Fifth Avenue Line은 퀸즈 지역 사회에 봉사합니다.,C
GW52,T2068,B69 Vanderbilt Avenue Line은 매년 1 백만 명이 넘는 사람들이 그것을 여행합니다.,E
GW52,T2068,B69 Vanderbilt Avenue Line은 늦은 밤 작업을 실험했습니다.,N
GW52,T2068,“B69 Vanderbilt Avenue Line”은 1950년에 영구적으로 폐쇄되었다.,C
GW106,T2068,B69 Vanderbilt Avenue Line의 마지막 정류장은 브루클린 시내 지역에 위치하고 있습니다.,E
GW106,T2068,B69 라인은 1956년 세계 시리즈에서 에베츠 필드(Ebbets Field)까지 가장 인기있는 교통 수단이었다.,N
GW106,T2068,2017년에는 1.5백만 명이 넘는 고객이 B69를 타고 갔다.,C
GW1,T2068,B69 Vanderbilt Avenue Line은 19 세기에 서비스를 시작했습니다.,E
GW1,T2068,B69 Vanderbilt Avenue Line은 항상 그곳에서 교통편을 이용해 왔습니다.,N
GW1,T2068,"19세기 중반, “B69 Vanderbilt Avenue Line”는 작동을 중단했다.",C
GW52,T2069,Bandra Worli Sea Link 건설은 20 년 전에 시작되었습니다.,E
GW52,T2069,Bandra Worli Sea Link는 매우 인기있는 택시 스탠드입니다.,N
GW52,T2069,Sea Link에는 모든 차량에 대한 평평한 요금이 있습니다.,C
GW74,T2069,Bandra Worli Sea Link의 건설은 약 10 년 만에 완료되었습니다.,E
GW74,T2069,MSRDC는 Bandra Worli Sea Link을 설계하기 위해 Seshadri Srinivasan을 고용했습니다.,N
GW74,T2069,Bandra Worli Sea Link는 건설이 끝난 지 1 년 만에 개장했습니다.,C
GW106,T2069,Bandra Worli Sea Link는 같은 회사가 소유하고 유지합니다.,E
GW106,T2069,Bandra Worli Sea Link로 여행하는 운전자가 지불하는 대부분의 수수료는 평균 US$1.60입니다.,N
GW106,T2069,Bandra Worli Sea Link의 건설은 2 개의 다른 수십 년 동안 이루어졌습니다.,C
GW4,T2070,벨의 마비는 사람들이 극복 할 수있는 질병입니다.,E
GW4,T2070,질병 벨의 마비는 상당히 흔한 것입니다.,N
GW4,T2070,벨의 마비는 사람들을 죽이는 것을 끝내는 질병입니다.,C
GW52,T2070,벨의 낙태는 드문 상태입니다.,E
GW52,T2070,벨의 낙태가 재발할 수 있습니다.,N
GW52,T2070,벨의 낙태는 평생 지속되는 상태입니다.,C
GW28,T2070,벨 마비는 일시적이지만 고통스럽고 부끄러운 신경 장애입니다.,E
GW28,T2070,벨의 마비는 주로 노인 성인 남성에게 영향을 미칩니다.,N
GW28,T2070,벨의 마비는 관리 할 수있는 평생 고통입니다.,C
GW28,T2071,Beltane는 여름의 시작을 축하하는 연례 문화 관측입니다.,E
GW28,T2071,벨타인은 종교나 신념에 관계없이 많은 다른 그룹에 의해 축하됩니다.,N
GW28,T2071,Beltane는 반년 기독교 축제,C
GW52,T2071,Beltane는 시즌의 변화를 의미합니다.,E
GW52,T2071,Beltane는 5 월의 날이라는 용어가 어떻게 시작되었는지입니다.,N
GW52,T2071,‘벨타인’은 5월 1일 세계 곳곳에서 일어난다.,C
GW74,T2071,Beltane는 5 월 1 일 여름의 시작을 축하합니다.,E
GW74,T2071,Wiccans 일반적으로 Beltane을 축하하기 위해 불꽃놀이를 조명,N
GW74,T2071,여름의 시작은 남반구에서 6 월에 축하됩니다.,C
GW52,T2072,Bipolar disorder에는 다양한 유형이 있습니다.,E
GW52,T2072,Bipolar disorder는 주파수로 증가했습니다.,N
GW52,T2072,Bipolar disorder는 중년기에 발생합니다.,C
GW105,T2072,Bipolar disorder는 인구의 작은 비율에 영향을 미치는 드문 질병입니다.,E
GW105,T2072,양극성 장애의 대부분의 경우는 유전학 때문입니다.,N
GW105,T2072,어린이들은 양극성 장애의 위험이 가장 높습니다.,C
GW74,T2072,Bipolar disorder에 대한 위험 요인은 원인보다 많습니다.,E
GW74,T2072,어린 시절 학대받은 25세 소녀가 비폴라 장애를 일으킬 것,N
GW74,T2072,증상보다 합병증이 더 많다.,C
GW1,T2073,BMW 3 시리즈는 21세기의 2세기에 처음 제작되었습니다.,E
GW1,T2073,가솔린 터보 BMW 3 시리즈는 디젤 터보 BMW 3 시리즈에 비해 전문가들에 의해 우수하다고 평가됩니다.,N
GW1,T2073,BMW 3 시리즈는 3 개의 주요 디자이너가있었습니다.,C
GW28,T2073,BMW 3 시리즈는 여러 국가에서 조립 된 독일 자동차입니다.,E
GW28,T2073,BMW 3 시리즈는 BMW에서 가장 저렴한 차량 클래스입니다.,N
GW28,T2073,BMW 3 시리즈는 전기 배터리로 구동되는 Theri SUV를 제공합니다.,C
GW52,T2073,"BMW 3 시리즈, F 에디션은 거의 10 년간 생산되었습니다.",E
GW52,T2073,F 모델 BMW 3 시리즈는 3 시리즈 라인업의 마지막입니다.,N
GW52,T2073,F 모델 BMW 3 시리즈에는 각 차량에 대해 두 명의 디자이너가있었습니다.,C
GW4,T2074,"뇌종양은 일반적으로 매년 200,000 명 이상의 사람들을 죽이는 것을 끝냅니다.",E
GW4,T2074,뇌종양은 시간에 맞춰 제거될 수 있다.,N
GW4,T2074,뇌종양을 앓는 사람들의 절반 이상이 살아남을 것입니다.,C
GW28,T2074,뇌 경련에 대한 치료는 다양하며 약물과 함께 수행됩니다.,E
GW28,T2074,뇌종양을 진단하는 가장 인기있는 방법은 조직 생검을하는 것입니다.,N
GW28,T2074,뇌종양은 일반적으로 진단 후 몇 달 이내에 치명적입니다.,C
GW52,T2074,뇌종양은 1백만 명 이상의 환자에게 발생합니다.,E
GW52,T2074,뇌종양의 예측은 수년 동안 더 나아졌습니다.,N
GW52,T2074,뇌종양을 가진 사람은 누구나 죽을 것이다.,C
GW1,T2075,2015년까지 2백만 명이 넘는 사람들이 유방암에 걸렸습니다.,E
GW1,T2075,통계적으로 의사는 유방암 치료로 방사선 요법보다 수술을 선호합니다.,N
GW1,T2075,2018년에는 1백만 명이 넘는 사람들이 유방암으로 사망했다.,C
GW74,T2075,2018 년 사망률은 2015 년에 영향을받는 빈도의 1/4 이상이었다.,E
GW74,T2075,비만은 가슴 모양의 변화를 일으킨다,N
GW74,T2075,위험 요인보다 증상이 더 많습니다.,C
GW52,T2075,유방암은 매년 2 백만 명이 넘는 사람들에게 영향을줍니다.,E
GW52,T2075,유방암은 남성에서 발생합니다.,N
GW52,T2075,유방암은 생존율이 낮습니다.,C
GW4,T2076,브로민은 70보다 큰 질량을 가지고 있습니다.,E
GW4,T2076,광물 브로민은 할로겐으로 알려져 있습니다.,N
GW4,T2076,‘브로민’은 1900년대에 처음 발견되었다.,C
GW52,T2076,브로민은 발견된 최초의 50개 원소 중 하나였다.,E
GW52,T2076,‘브로민’은 매우 불변합니다.,N
GW52,T2076,‘브로민’은 18세기에 발견되었다.,C
GW86,T2076,‘브로민’은 19세기에 처음 발견되었다.,E
GW86,T2076,브로민은 가장 자주 액체 형태로 발생합니다.,N
GW86,T2076,‘브로민’은 알칼리성이다.,C
GW60,T2077,John Augustus Roebling은  suspension / cable-stay 하이브리드 브릿지를 설계하는 방법을 알고 있습니다.,E
GW60,T2077,브루클린 브리지(Brooklyn Bridge)는 동강을 건너는 유일한 다리이다.,N
GW60,T2077,브루클린 브릿지는 그것이 긴 것보다 더 높습니다.,C
GW4,T2077,브루클린 브릿지는 수년간 더 많은 용량을 추가하기 위해 업데이트되었습니다.,E
GW4,T2077,브루클린 브릿지(Brooklyn Bridge)는 브루클린의 교통 압박을 완화시켰다.,N
GW4,T2077,브루클린 브릿지를 사용하려면 운전자가 돈을 지출해야합니다.,C
GW106,T2077,브루클린 브리지(Brooklyn Bridge)는 1883년부터 맨해튼과 브루클린을 연결하고 있다.,E
GW106,T2077,브루클린 브릿지는 여행 중 가장 긴 시간 동안 가장 높은 지점에 도달합니다.,N
GW106,T2077,브루클린 브리지(Brooklyn Bridge)는 맨해튼에서 스테이튼 섬까지 적어도 하나의 물체를 건너고 있다.,C
GW105,T2078,부처님은 봄에 부처님의 생일을 축하합니다.,E
GW105,T2078,부다의 생일은 4 월에 더 자주 발생합니다.,N
GW105,T2078,부처님의 생일은 겨울의 휴일입니다.,C
GW107,T2078,부다의 생일은 많은 문화와 국가에서 축하됩니다.,E
GW107,T2078,‘부다의 생일’은 아시아에서만 축하된다.,N
GW107,T2078,“부처님의 생일”은 매년 같은 날에 축하됩니다.,C
GW52,T2078,“부다의 생일”은 아시아의 일부 지역에서 널리 축하됩니다.,E
GW52,T2078,“부다의 생일”은 아시아 밖의 사람들에 의해 축하 될 수 있습니다.,N
GW52,T2078,부처님의 생일은 매년 같은 날입니다.,C
GW4,T2079,‘불타는 사람’은 30년 넘게 계속되고 있다.,E
GW4,T2079,불타는 사람은 매년 정확히 같은 장소에서 개최됩니다.,N
GW4,T2079,불타는 사람은 일년에 여러 번 발생합니다.,C
GW89,T2079,매년 네바다에서 열리는 ‘불타는 사람’ 축제입니다.,E
GW89,T2079,Larry Harvey가 이벤트를 담당합니다.,N
GW89,T2079,1976년 ‘불타는 사람’ 축제가 시작됐다.,C
GW1,T2079,Burning Man은 1986년 여름에 개봉했다.,E
GW1,T2079,불타는 사람은 항상 약 50 ~ 70 천 명이 참석합니다.,N
GW1,T2079,2019 년에는 불타는 사람이 봄에있었습니다.,C
GW12,T2080,심장 멈추기는 펄스가 발견되지 않을 때 노인에서 발생합니다.,E
GW12,T2080,심장 정지는 의식 상실과 매우 낮은 칼륨을 포함 할 수 있습니다.,N
GW12,T2080,심장 마비의 생존율은 병원 밖의 사람들에게 더 높습니다.,C
GW86,T2080,심장마비로 인한 사망률은 75~90%에 이릅니다.,E
GW86,T2080,체중을 잃는 것은 심장 마비의 위험을 줄입니다.,N
GW86,T2080,병원 내 심장마비 사망률은 병원 외부 사망률보다 높다.,C
GW28,T2080,심장 정지는 심장이 기능을 멈추고 생존 확률이 낮은 의료 조건입니다.,E
GW28,T2080,심장 정지는 여성보다 남성에게 더 많이 발생합니다.,N
GW28,T2080,심장 정지는 병원 밖의 모든 경우에 치명적입니다.,C
GW52,T2081,‘카타르트’는 개발하는 데 시간이 걸린다.,E
GW52,T2081,‘카타락’은 완전히 예방할 수 있다.,N
GW52,T2081,카타락은 단지 몇 백만 명의 사람들에서 발생합니다.,C
GW28,T2081,수백만 명의 사람들이 카타르타를 앓고 있지만 치료할 수 있습니다.,E
GW28,T2081,“카타라이트”는 치료하기에 비싸다.,N
GW28,T2081,카타락은 매우 일반적이거나 이해되지 않습니다.,C
GW86,T2081,카타락은 하나 이상의 방법으로 치료할 수 있습니다.,E
GW86,T2081,카타르락은 보통 눈이 멀어지게 만듭니다.,N
GW86,T2081,카타르담은 갑자기 일어난다.,C
GW105,T2082,뇌졸중은 평생 지속되는 어린 시절의 질병입니다.,E
GW105,T2082,치료의 가장 효과적인 형태는 정형 수술입니다.,N
GW105,T2082,뇌 마비는 인구의 거의 1/4에 영향을 미칩니다.,C
GW74,T2082,"나쁜 조정, 보통 뇌 마비의 결과로 어린 시절에 처음 발생합니다.",E
GW74,T2082,단단한 근육은 항상 공격과 동반됩니다.,N
GW74,T2082,증상보다 합병증이 더 많다.,C
GW28,T2082,뇌 마비는 어린 시절 초기에 나타나는 신경 질환입니다.,E
GW28,T2082,뇌졸중은 백신 접종과 관련이 있습니다.,N
GW28,T2082,뇌 마비는 성인기에 도달하기 전에 치유 될 수 있습니다.,C
GW52,T2083,Cerium는 1830 년대에 처음 발견되었습니다.,E
GW52,T2083,Cerium는 현재 광범위하게 사용할 수 있습니다.,N
GW52,T2083,Cerium는 발견 된 최초의 20 개 원소 중 하나였습니다.,C
GW28,T2083,발견 후 Cerium를 고립하는 데 35 년이 걸렸습니다.,E
GW28,T2083,“Cerium”는 유럽인들이 먼저 발견했습니다.,N
GW28,T2083,Cerium는 원소를 발견 한 과학자 중 한 명을 따서 명명되었습니다.,C
GW4,T2083,Cerium는 고립 될 수 있기 전에 발견되었습니다.,E
GW4,T2083,원소 Cerium는 매우 반응성으로 알려져 있습니다.,N
GW4,T2083,원소 Cerium는 그것을 발견 한 사람의 이름을 따서 명명되었습니다.,C
GW86,T2084,중국 새해는 항상 2 월 20 일 또는 이전에 축하됩니다.,E
GW86,T2084,중국의 새해는 비중국인보다 민족 중국인들이 더 많이 축하합니다.,N
GW86,T2084,중국의 새해는 매년 같은 날에 축하됩니다.,C
GW105,T2084,‘중국의 새해’는 봄에 일어난다.,E
GW105,T2084,더 많은 부처님들이 중국의 새해를 축하합니다.,N
GW105,T2084,중국의 새해는 매년 동일한 동물을 축하합니다.,C
GW52,T2084,2019년 ‘중국 새해’의 상징은 ‘돼지’입니다.,E
GW52,T2084,중국의 새해는 모두에게 동일한 전통입니다.,N
GW52,T2084,중국 새해는 2 년마다 동일한 동물이 있습니다.,C
GW28,T2085,크리스마스는 많은 기독교인이 축하하는 크리스마스입니다.,E
GW28,T2085,크리스마스는 세계에서 가장 유명한 휴일입니다.,N
GW28,T2085,크리스마스는 12 월 25 일에 전 세계적으로 축하됩니다.,C
GW52,T2085,크리스마스는 세계적으로 축하받는 축제입니다.,E
GW52,T2085,크리스마스는 전 세계적으로 동일한 전통을 가지고 있습니다.,N
GW52,T2085,크리스마스는 모두에게 같은 날입니다.,C
GW107,T2085,크리스마스는 매년 축하됩니다.,E
GW107,T2085,크리스마스는 백인들만이 축하한다.,N
GW107,T2085,크리스마스는 부처님의 생일입니다.,C
GW4,T2086,2.2 & 2.5 엔진은 AMC 엔진으로 대체되었습니다.,E
GW4,T2086,수백만 개의 2.2 & 2.5 엔진이 생산되었습니다.,N
GW4,T2086,2.2 & 2.5 엔진은 디젤로 실행되었습니다.,C
GW74,T2086,Piston stroke is longer than Cylinder bore (피스톤 스트로크는 실린더 드로어보다 길다),E
GW74,T2086,1995년에 생산된 대부분의 2.2 & 2.5 엔진은 멀티 포인트 연료 주입이 가능하다.,N
GW74,T2086,피스톤 스트로크는 실린더 버리보다 최대 20mm 더 길다.,C
GW63,T2086,크라이슬러 2.2 및 2.5 엔진의 블록 재료와 헤드 재료는 다릅니다.,E
GW63,T2086,단일 포인트 연료 주입은 크라이슬러 2.2 및 2.5 엔진에서만 사용됩니다.,N
GW63,T2086,크라이슬러 인라인 2.2 엔진의 생산은 여전히이 날짜까지 계속됩니다.,C
GW28,T2087,Cincinnati Bell Connector는 오하이오 주 Cincinnati에 위치한 전기 자동차 라인입니다.,E
GW28,T2087,Cincinnati Bell Connector는 스트리트카 당 100명의 승객을 수용 할 수 있습니다.,N
GW28,T2087,Cincinnati Bell Connector는 디젤로 작동합니다.,C
GW106,T2087,“신시나티 벨 커넥터”는 2016년 여름에 개장했다.,E
GW106,T2087,Cincinnati Bell Connector는 Cincinnati 도시 내에서 전적으로 작동합니다.,N
GW106,T2087,Cincinnati Bell Connector는 동일한 회사 또는 지배 기관에 의해 소유되고 운영됩니다.,C
GW74,T2087,Cincinnati Bell Connector에 대한 서비스보다 더 많은 역이 있습니다.,E
GW74,T2087,센시나티 벨 커넥터가 2016 년 9 월 9 일에 열렸을 때 18 개의 역이있었습니다.,N
GW74,T2087,라인 번호는 역 번호와 동일합니다.The line number is equal to the number of stations,C
GW28,T2088,시민 서비스 시험은 공무원으로 일하고자하는 인도 졸업생과 시민을위한 표준화 된 시험입니다.,E
GW28,T2088,여성보다 더 많은 남성들이 시민 서비스 시험을 치른다.,N
GW28,T2088,시민 서비스 시험은 신청하는 모든 사람에게 열려 있습니다.,C
GW1,T2088,시민 서비스 시험은 20 세기 초반에 처음으로 주어졌습니다.,E
GW1,T2088,영어는 시민 서비스 시험의 첫 번째 섹션입니다.,N
GW1,T2088,시민 서비스 시험은 반년마다 제공됩니다.,C
GW52,T2088,시민 서비스 시험은 1920 년대로 거슬러 올라갑니다.,E
GW52,T2088,시민 서비스 시험은 매년 높은 참여율을 가지고 있습니다.,N
GW52,T2088,시민 서비스 시험에 대한 자격률은 높습니다.,C
GW1,T2089,임상 제약 과학자와 관련된 여러 직업이 있습니다.,E
GW1,T2089,임상 제약 과학자는 원래 약국 과학자로 알려져있었습니다.,N
GW1,T2089,임상 제약 과학자는 학사 학위를 필요로합니다.,C
GW52,T2089,클리닉 제약 과학자는 여러 능력을 필요로합니다.,E
GW52,T2089,클리닉 제약 과학자는 사용할 수있는 일자리 측면에서 상승하고 있습니다.,N
GW52,T2089,클리닉 제약 과학자는 학술 분야에만 포함됩니다.,C
GW28,T2089,높은 수준의 교육은 클리닉 제약 과학자가되기 위해 필요합니다.,E
GW28,T2089,클리닉 제약 과학자는 잘 지불 된 직업입니다.,N
GW28,T2089,클리닉 제약 과학자는 학계에서만 고용됩니다.,C
GW106,T2090,현대의 클라우드는 중세의 법원 지스터에서 유래합니다.,E
GW106,T2090,대부분의 클라우드는 미미입니다.,N
GW106,T2090,"오늘날, clowns는 서커스 행동에서만 출연 할 수 있습니다.",C
GW52,T2090,미국의 첫 번째 대통령 이후로 ‘클로우’는 존재해 왔습니다.,E
GW52,T2090,Clown은 수년간 인기를 얻었습니다.,N
GW52,T2090,Clown은 이전의 행위와 관련이 없습니다.,C
GW60,T2090,Jesters는 mimes의 조상입니다.,E
GW60,T2090,코미디언은 19세기에 존재했다.,N
GW60,T2090,‘클로워’는 언제나 말을 하는 것을 의미한다.,C
GW4,T2091,J4 College Park-Bethesda MetroExtra 라인은 하루에 20 번 이상 운행됩니다.,E
GW4,T2091,J4 College Park-Bethesda MetroExtra 라인은 많은 여행 시간을 절약합니다.,N
GW4,T2091,J4 College Park-Bethesda MetroExtra 라인은 기차 라인입니다.,C
GW12,T2091,J4 College Park–Bethesda MetroExtra 라인은 메트로버스 시스템의 일부이며 몽고메리 주차장입니다.,E
GW12,T2091,J4 College Park-Bethesda MetroExtra 라인은 2002 년 말에 서비스가 시작되었습니다.,N
GW12,T2091,J4 College Park-Bethesda MetroExtra 라인은 하루 종일 운행됩니다.,C
GW52,T2091,J4 College Park-Bethesda MetroExtra 라인은 20 분마다 운행됩니다.,E
GW52,T2091,J4 College Park-Bethesda MetroExtra 라인은 결코 개조되지 않았습니다.,N
GW52,T2091,J4 College Park-Bethesda MetroExtra 라인은 하루 종일 운행됩니다.,C
GW28,T2092,"16G, 16H 콜롬비아 파이크 - 펜타곤 시티 라인은 워싱턴 D.C. 지하철 지역을 제공하는 버스 경로였다.",E
GW28,T2092,"16G, 16H 콜롬비아 파이크 - 펜타곤 시티 라인은 모든 버스에 와이파이를 제공했습니다.",N
GW28,T2092,"16G, 16H 콜롬비아 파이크 - 펜타곤 시티 라인은 24 시간 서비스가 여전히 작동합니다.",C
GW4,T2092,"16G, 16H 콜롬비아 파이크 - 펜타곤 시티 라인은 하루에 20 번 이상 운행되었습니다.",E
GW4,T2092,"16G, 16H Columbia Pike-Pentagon City 라인은 사람들이 교통 시간에 시간을 절약하는 데 도움이되었습니다.",N
GW4,T2092,"16G, 16H 콜롬비아 파이크 - 펜타곤 시티 라인은 오늘도 계속 작동합니다.",C
GW52,T2092,"16G, 16H 콜롬비아 파이크 - 펜타곤 시티 라인은 2003 년에 서비스를 시작했습니다.",E
GW52,T2092,"16G, 16H 콜롬비아 파이크 - 펜타곤 시티 라인은 동일한 경로 길이를 가지고 있습니다.",N
GW52,T2092,"16G, 16H 콜롬비아 파이크 - 펜타곤 시티 라인 철도는 계속 운영됩니다.",C
GW63,T2093,2018 년부터 2021 년까지 콜럼버스의 날은 10 월 15 일 전에 관찰되었습니다.,E
GW63,T2093,콜럼버스의 날은 10 월에만 관찰됩니다,N
GW63,T2093,콜럼버스 날은 2018 년에 두 번 관찰되었습니다.,C
GW1,T2093,‘콜럼버스의 날’은 일년에 한 번이다.,E
GW1,T2093,미국에서 ‘콜럼버스의 날’을 축하하기 시작했다.,N
GW1,T2093,콜럼버스의 날은 1492년에 처음으로 축하되었다.,C
GW19,T2093,"크리스토퍼 콜럼버스, 콜럼버스의 날에 명예를받은 탐험가는 이탈리아 출신이었다.",E
GW19,T2093,콜럼버스의 날은 항상 10 월 동안 축하되었습니다.,N
GW19,T2093,콜럼버스의 날은 여름의 비공식적인 끝을 나타냅니다.,C
GW52,T2094,CAT에는 부정적인 범위 값이 있습니다.,E
GW52,T2094,고양이는 아시아 전역에서 일어납니다.,N
GW52,T2094,고양이의 점수는 평생 동안 좋습니다.,C
GW106,T2094,공통 입학 시험은 인도 전역 300 개 이상의 장소에서 제공됩니다.,E
GW106,T2094,CAT 시험은 보통 매년 12월에 제공됩니다.,N
GW106,T2094,CAT 시험은 대학원에 참석하고자하는 모든 인도 학부생에게 요구됩니다.,C
GW28,T2094,공통 입학 시험은 인도 비즈니스 스쿨 입학을 위해 사용되는 인도 표준 시험입니다.,E
GW28,T2094,공통 입학 시험은 미국에서 사용되는 GMAT 시험보다 어렵습니다.,N
GW28,T2094,공통 입학 시험은 미국 기반 비즈니스 스쿨에 의해 받아 들여집니다.,C
GW106,T2095,매년 적어도 3 백만 명의 사람들이 손을 씻으면 분홍색 눈을 피할 수 있습니다.,E
GW106,T2095,핑크 눈은 매년 안과 의사가 가장 많이 진단하는 질병입니다.,N
GW106,T2095,핑크 눈과 관련된 증상은 미국에서 한 달까지 지속될 수 있습니다.,C
GW4,T2095,협절염은 사람들의 눈 색깔을 변화시킵니다.,E
GW4,T2095,협절염은 사람들에게 쉽게 전달 될 수 있습니다.,N
GW4,T2095,협절염은 그것으로 감염된 대부분의 사람들을 죽이는 것을 끝내고 있습니다.,C
GW28,T2095,Conjunctivitis는 눈에 영향을 미치는 의료 조건입니다.,E
GW28,T2095,Conjunctivitis는 한 사람에게서 다른 사람에게 전달 될 수 있습니다.,N
GW28,T2095,협절염은 유전적이며 부모로부터 자녀에게 전달됩니다.,C
GW4,T2096,Crohn의 질병은 위장 문제를 일으키는 것입니다.,E
GW4,T2096,Crohn의 질병은 사람들을 일찍 죽게 만듭니다.,N
GW4,T2096,‘크론 병’은 담배로 치유될 수 있다.,C
GW28,T2096,Crohn의 질병은 젊은 성인에서 나타날 수 있으며 복부 통증과 설사와 관련이 있습니다.,E
GW28,T2096,Crohn의 질병은 여성보다 남성에 비례하게 영향을 미칩니다.,N
GW28,T2096,“크론 병”은 약물로 신속하게 치유됩니다.,C
GW52,T2096,Crohn의 질병은 20 년대에 공통적 인 발병을 가지고 있습니다.,E
GW52,T2096,Crohn의 질병은 수년간 증가하는 빈도를 보여주었습니다.,N
GW52,T2096,Crohns Disease사람들은 더 짧은 수명을 가지고 있지 않습니다.,C
GW86,T2097,Cumulonimbus 구름은 일반적으로 비와 관련이 있습니다.,E
GW86,T2097,Calvus 구름은 cumulonimbus 구름의 가장 일반적인 종입니다.,N
GW86,T2097,Cumulonimbus 구름은 여러 종류에서 발견됩니다.,C
GW4,T2097,"Cumulonimbus Cloud는 일반적으로 50,000 피트 미만입니다.",E
GW4,T2097,Cumulonimbus Cloud는 종종 비를 가질 수 있습니다.,N
GW4,T2097,Cumulonimbus Cloud는 일반적으로 우주에 가깝습니다.,C
GW12,T2097,"Cumulonimbus Cloud, 부족 Cumulonimbus에서, 짧은 Cb입니다.",E
GW12,T2097,가족 C는 Cumulonimbus Cloud의 고급 분류입니다.,N
GW12,T2097,Cumulonimbus Cloud는 낮은 강수량과 관련이 있습니다.,C
GW12,T2098,쿠싱 증후군은 매년 적어도 2 백만 명의 사람들에게 영향을줍니다.,E
GW12,T2098,Hyperadrenocorticism은 사람에게 나타나기 위해 20-50 년이 걸립니다.,N
GW12,T2098,Endocrinology는 hypercortisolism에 대한 또 다른 이름입니다.,C
GW105,T2098,Cushing 증후군의 치료를 원하는 환자는 내분비 학자에게 가야합니다.,E
GW105,T2098,Cushing 증후군을 가진 대부분의 사람들은 여드름을 가지고 있습니다.,N
GW105,T2098,Cushing 증후군은 어린이들에게 가장 흔합니다.,C
GW28,T2098,수백만 명의 사람들이 Cushing 증후군에 의해 영향을 받지만 성공적으로 치료 될 수 있습니다.,E
GW28,T2098,Cushing 증후군 치료는 매우 저렴합니다.,N
GW28,T2098,Cushing 증후군은 주로 어린이에게 영향을 미치며 치명적입니다.,C
GW86,T2099,Debian의 새로운 버전은 작년에 출시되었습니다.,E
GW86,T2099,Debian의 새로운 버전은 매년 9 월에 출시됩니다.,N
GW86,T2099,Debian은 12 개 이상의 플랫폼과 호환됩니다.,C
GW74,T2099,Debian의 최신 출시는 초기 출시와 동일한 달에 발생했습니다.,E
GW74,T2099,1993년에는 75개 언어로 Debian을 사용할 수 있었다.,N
GW74,T2099,10.1 (Buster)는 초기 출시 25 년 후에 출시되었습니다.,C
GW19,T2099,오픈소스 Linux 운영 체제인 Deiban의 버전 10.1은 전 세계적으로 사용되고 있습니다.,E
GW19,T2099,오픈소스 Linux 운영 체제인 Deiban의 버전 10.1은 힌디어 언어 지원을 제공합니다.,N
GW19,T2099,2019 년 9 월에 출시 된 Deiban의 11 번째 버전은 iPhone에 대한 기본 운영 체제입니다.,C
GW4,T2100,디즈니 스카이리너는 2019 년 3 분기에 개장했습니다.,E
GW4,T2100,디즈니 스카이리너는 시간당 20 마일 이상 이동합니다.,N
GW4,T2100,‘디즈니 스카이리너’는 디즈니랜드에 있다.,C
GW28,T2100,Disney Skyliner는 미국에서 작동하는 교통 시스템입니다.,E
GW28,T2100,디즈니 스카이리너에있는 한 개의 곤골은 한 번에 10 명을 수용 할 수 있습니다.,N
GW28,T2100,디즈니 스카이리너는 전 세계 여러 디즈니 월드 공원에서 10 년 이상 운영되어 왔습니다.,C
GW1,T2100,디즈니 스카이리너는 2019 년 가을에 개장했습니다.,E
GW1,T2100,디즈니 스카이리너는 Doppelmayr Garaventa 그룹 시스템을 사용하는 첫 번째입니다.,N
GW1,T2100,디즈니 스카이리너는 미국 서부 해안에 위치하고 있습니다.,C
GW86,T2101,Diwali는 때때로 다른 이름으로 알려져 있습니다.,E
GW86,T2101,Diwali는 보통 10 월에 관찰됩니다.,N
GW86,T2101,Diwali는 매년 같은 날짜에 관찰됩니다.,C
GW1,T2101,Diwali는 가을에 축하됩니다.,E
GW1,T2101,Diwali는 역사상 처음으로 Deepavali라고 불렸다.,N
GW1,T2101,Diwali는 12 개가 넘는 다른 휴일과 직접 관련이 있습니다.,C
GW12,T2101,Diwali는 일부 불교인들이 관찰하는 종교적인 휴일입니다.,E
GW12,T2101,Deepavali는 가정 장식과 선물로 축하되는 계절 휴일입니다.,N
GW12,T2101,Diwali에 대한 2019 날짜는 모두 10 월 초에 발생합니다.,C
GW12,T2102,Dongzhi 축제는 중국인에 의해 관찰되며 Tang-cheh라고도합니다.,E
GW12,T2102,Dongzhi 축제는 12 월에 일어나는 연례 축제입니다.,N
GW12,T2102,Dongzhi 축제는 12 월 첫 주 동안 겨울 태양을 표시합니다.,C
GW52,T2102,Dongzhi는 선조들의 축제입니다.,E
GW52,T2102,Dongzhi는 수세기 동안 존재해 왔습니다.,N
GW52,T2102,축제는 매년 같은 날에 시작됩니다.,C
GW28,T2102,Dongzhi Festival는 겨울 태양을 기념하는 연례 축제입니다.,E
GW28,T2102,Dongzhi 축제는 수천 년 동안 축하되었습니다.,N
GW28,T2102,Dongzhi 축제는 아시아와 유럽 전역에서 축하됩니다.,C
GW52,T2103,"더워드 증후군은 매년 25,000 명 이상의 사망을 초래합니다.",E
GW52,T2103,더워드 증후군은 수년 동안 주파수로 증가했습니다.,N
GW52,T2103,다우 증후군은 매년 10 백만 명의 사람들에게 영향을 미칩니다.,C
GW106,T2103,‘다우 증후군’은 염색체 질환이다.,E
GW106,T2103,대부분의 경우 더워드 증후군은 어머니가 출생시 40 세 이상인 경우에 발생합니다.,N
GW106,T2103,더워드 증후군은 가족 세대 당 한 명의 어린이에서만 발생할 정도로 드문 경우입니다.,C
GW4,T2103,다운 증후군은 21번째 염색체에 있습니다.,E
GW4,T2103,더워드 증후군은 일반적으로 정자를 통해 전달됩니다.,N
GW4,T2103,다우 증후군은 전 세계 인구의 1 %에 영향을 미칩니다.,C
GW12,T2104,독일에 위치한 Duisburg-Quakenbrück 철도는 Bahnstrecke Duisburg-Quakenbrück로도 알려져 있습니다.,E
GW12,T2104,"173km의 선 길이로, Duisburg-Quakenbrück 철도는 그와 관련된 네 개의 선 번호 미만이 있습니다.",N
GW12,T2104,Duisburg-Quakenbrück 철도의 경로 번호는 경로 길이보다 작습니다.,C
GW86,T2104,Duisburg-Quakenbrück 철도의 열차는 전기 공급 장치에 의해 공급됩니다.,E
GW86,T2104,Duisburg-Quakenbrück 철도는 독일의 정확히 5 개 도시를 통과합니다.,N
GW86,T2104,Duisburg-Quakenbrück 철도는 173 마일의 길이를 가지고 있습니다.,C
GW52,T2104,Duisburg-Quakenbrück 철도는 100마일 이상 걸립니다.,E
GW52,T2104,Duisburg-Quakenbrück 철도는 전기 철도입니다.,N
GW52,T2104,Duisburg-Quakenbrück 철도는 시간당 60 마일을 달린다.,C
GW106,T2105,"청력 및 / 또는 시력 문제를 배제 한 후, 읽기 어려움이있는 학교 나이의 어린이의 10 % 미만이 dyslexia로 고통받습니다.",E
GW106,T2105,dyslexia를 진단받은 대부분의 아이들은 동시에 ADHD를 앓습니다.,N
GW106,T2105,Dyslexia는 특정 약물의 사용으로 치료할 수 있습니다.,C
GW74,T2105,읽기 어려움을 겪는 증상은 보통 학교 나이에 처음 나타납니다.,E
GW74,T2105,관심 결핍 hyperactivity disorder will cause 읽기 어려움,N
GW74,T2105,Dyslexia는 학교 연령의 어린이의 10 %에서 발생합니다.,C
GW95,T2105,사람들은 일반적으로 고등학교를 졸업하기 전에 dyslexia를 진단합니다.,E
GW95,T2105,Dyslexic 학생들은 하나의 가르침 방법을 필요로합니다.,N
GW95,T2105,Dyslexia는 사람에서 사람으로 전염 될 수 있습니다.,C
GW12,T2106,유월절은 예수님의 부활을 기념하는 종교적인 축제입니다.,E
GW12,T2106,EasterEgg 장식은 Easter축제의 일부입니다.,N
GW12,T2106,2018 년과 2019 년에 유월절을 축하하는 날짜는 동일합니다.,C
GW1,T2106,월요일은 12 개가 넘는 다른 휴일과 관련이 있습니다.,E
GW1,T2106,매년 ‘월요일’의 날짜가 바니다.,N
GW1,T2106,‘봄’은 보통 여름에 있다.,C
GW28,T2106,매년 다른 날짜에 떨어지는 예스입니다.,E
GW28,T2106,교회 참석은 월절에 필요합니다.,N
GW28,T2106,매년 4월에 나오는 ‘예스’가 있다.,C
GW86,T2107,“Eid al-Fitr”는 라마단 후에 일어납니다.,E
GW86,T2107,2020년에는 5월 24일에 ‘에이드 알 피트르(Eid al-Fitr)’가 열릴 예정이다.,N
GW86,T2107,Eid al-Fitr는 매년 같은 달에 축하됩니다.,C
GW89,T2107,Eid al-Fitr는 2019 년에 다른 국가에서 다른 날짜에 발생했습니다.,E
GW89,T2107,Eid al-Fitr는 2020 년 5 월 24 일과 5 월 25 일에 개최됩니다.,N
GW89,T2107,“Eid al-Fitr”는 라마단의 시작을 나타냅니다.,C
GW28,T2107,무슬림들에게 Eid al-Fitr는 라마단의 금식의 끝을 의미합니다.,E
GW28,T2107,Eid al-Fitr는 달콤한 케이크로 축하됩니다.,N
GW28,T2107,Eid al-Fitr는 매년 같은 날에 축하됩니다.,C
GW4,T2108,에미레이트 항공은 길이가 1 마일 미만입니다.,E
GW4,T2108,에미레이트 항공은 건설에 몇 년이 걸렸습니다.,N
GW4,T2108,에미레이트 항공은 매년 1 백만 명 미만의 승객을 운반합니다.,C
GW106,T2108,에미레이트 항공은 영국에서 전적으로 운영됩니다.,E
GW106,T2108,에미레이트 항공은 최대 12 m / s의 속도를 할 수 있지만 공식적으로 6 m / s에서만 작동합니다.,N
GW106,T2108,에미레이트 항공은 그리니치 교통국에 의해 운영됩니다.,C
GW74,T2108,Gondola 엘리베이터의 라인 길이는 가장 높은 고도의 12 배입니다.,E
GW74,T2108,몽골은 에미레이트 그리니치 반도와 에미레이트 로얄 도크 사이의 300 피트 반도에 도달합니다.,N
GW74,T2108,"오픈한지 10년 만에 탑승률은 1,314,783였다.",C
GW28,T2109,병은 통제 할 수없는 발작을 일으키는 신경 질환입니다.,E
GW28,T2109,병은 건강한식이 요법과 명상으로 관리 할 수있는 상태입니다.,N
GW28,T2109,병은 기름과 자극으로 치료할 수 있습니다.,C
GW4,T2109,병은 한 사람의 평생을 지속하는 결말을 맺습니다.,E
GW4,T2109,질병 전염증은 일반적으로 환자에 의해 관리 할 수 있습니다.,N
GW4,T2109,질병 병은 항상 명확한 출발점이 있습니다.,C
GW89,T2109,적어도 6 개의 가능한 원인으로 전염병이 발생할 수 있습니다.,E
GW89,T2109,매년 전염병 사망자 수가 줄어든다.,N
GW89,T2109,에피플레이스는 환자의 80 %에서 통제 할 수 있습니다.,C
GW1,T2110,에티오피아 항공 302편에 탑승한 모든 승객이 사망했다.,E
GW1,T2110,“에티오피아 항공 302편”의 조사는 거의 완료되었습니다.,N
GW1,T2110,에티오피아 항공 302편이 2019년 여름에 추락했다.,C
GW74,T2110,승객보다 사망자가 더 많았다.,E
GW74,T2110,에티오피아 항공은 항상 보잉 737 맥스 8을 사용합니다.,N
GW74,T2110,승무원 중 누구도 사망자의 일부가 아니었다.,C
GW19,T2110,에티오피아 항공 302편은 이륙 직후 추락한 국제 항공편이다.,E
GW19,T2110,에티오피아 항공 302편의 추락 사고는 이 항공사의 역사상 최악의 항공 사고였다.,N
GW19,T2110,에어버스(Airbus)는 에티오피아 항공기 302편 추락 사고에 책임이 있다고 판결했다.,C
GW28,T2111,‘유로피움’은 자연스럽게 발생하는 요소이다.,E
GW28,T2111,유로피움은 유럽 남성 과학자에 의해 발견되고 고립되었습니다.,N
GW28,T2111,Europium은 실험실에서 합성으로 만들어진 인간이다.,C
GW52,T2111,유로피움은 20 세기 전반에 발견되었습니다.,E
GW52,T2111,‘유럽’은 흔히 볼 수 있는 요소이다.,N
GW52,T2111,Europium의 녹기와 끓는 지점은 동일합니다.,C
GW86,T2111,‘유로피움’은 대륙의 이름을 따서 명명되었다.,E
GW86,T2111,Europium는 Eugène-Anatole Demarçay에 의해 명명되었습니다.,N
GW86,T2111,Europium은 약간 산성입니다.,C
GW28,T2112,‘진화적으로 안정적인 전략’은 처음으로 두 사람에 의해 제안되었다.,E
GW28,T2112,진화적으로 안정적인 전략은 진화적 게임 이론과 관련되어 있으며 나쉬 균형의 일부입니다.,N
GW28,T2112,진화적으로 안정적인 전략은 나쉬 균형과 완벽한 베이에스 균형을 포함한다.,C
GW12,T2112,Hawk-dove는 진화적으로 안정적인 전략의 한 예입니다.,E
GW12,T2112,진화적으로 안정된 전략은 나쉬 균형과 스토하스틱으로 안정된 균형의 하위 집합이다.,N
GW12,T2112,조지 R. 스미스는 진화적으로 안정된 전략을 제안했다.,C
GW86,T2112,“진화적으로 안정적인 전략”은 여러 사람들에 의해 제안되었다.,E
GW86,T2112,진화적으로 안정적인 전략은 서브게임 완벽한 균형의 제안 전에 제안되었다.,N
GW86,T2112,진화적으로 안정적인 전략은 흔들리는 손의 완벽한 균형과는 아무런 관계가 없습니다.,C
GW12,T2113,"사람들의 10 퍼센트가 폭발 머리 증후군을 경험합니다, 다른 경우에는 에피소드적 두개골 감각 충격으로 알려져 있습니다.",E
GW12,T2113,폭발 머리 증후군은 짧은 기간이며 원인은 알려지지 않습니다.,N
GW12,T2113,PTSD는 폭발 머리 증후군의 유일한 진단입니다.,C
GW28,T2113,폭발 머리 증후군은 잠들거나 깨어있을 때 사람들에게 영향을 미치는 의학적 상태입니다.,E
GW28,T2113,‘폭발성 머리 증후군’을 앓고 있는 사람들은 깨어났을 때 소리를 질렀다.,N
GW28,T2113,폭발 머리 증후군은 치료되지 않으면 특히 치명적인 질병입니다.,C
GW86,T2113,폭발 머리 증후군은 특이한 청각 경험을 특징으로합니다.,E
GW86,T2113,폭발적인 머리 증후군은 일반적으로 치료가 필요합니다.,N
GW86,T2113,폭발 머리 증후군은 인구의 약 4 분의 1에서 발생합니다.,C
GW52,T2114,Fast of Esther는 하루 종일 이벤트입니다.,E
GW52,T2114,에스테르의 속임수는 모든 연습 유대인들에 의해 관찰된다.,N
GW52,T2114,에스더의 속도는 매년 같은 날에 일어난다.,C
GW74,T2114,Fast of Esther는 2020 년과 2019 년에 같은 달에 있습니다.,E
GW74,T2114,모든 유대인들이 에스더의 금식 동안 금식,N
GW74,T2114,2018 날짜는 2019 날짜 후 한 달입니다.The 2018 date is one month after the 2019 date,C
GW4,T2114,‘에스더의 금식’은 단 하루만 지속된다.,E
GW4,T2114,모든 유대인은 “에스더의 금식”을 지켜본다.,N
GW4,T2114,‘에스더의 금식’은 매년 같은 날이다.,C
GW2,T2115,간 steatosis의 예후는 일찍 잡으면 좋습니다.,E
GW2,T2115,대부분의 당뇨병은 지방 간에 의해 발생합니다.,N
GW2,T2115,간 steatosis는 무거운 음주자의 70 % 미만에 영향을 미칩니다.,C
GW52,T2115,뚱뚱한 간은 여러 종류가 있습니다.,E
GW52,T2115,뚱뚱한 간은 수명에 영향을 미치지 않습니다.,N
GW52,T2115,뚱뚱한 간은 술에 의해서만 발생할 수 있습니다.,C
GW25,T2115,지방 간으로도 알려진 간 steatosis는 여러 방법을 통해 진단 할 수 있습니다.,E
GW25,T2115,뚱뚱한 간은 술을 마시는 사람들에게 눈에 띄며 술을 끊는 것은 확실한 치료법입니다.,N
GW25,T2115,뚱뚱한 간은 종종 술을 많이 마시는 것과 연관되어 있지만 서러움이나 간암으로 이어지지 않습니다.,C
GW52,T2116,플로린은 발견된 최초의 열 개의 원소 중 하나였다.,E
GW52,T2116,오늘날 플로렌은 매우 많이 사용되고 있습니다.,N
GW52,T2116,Flourine은 18 세기에 발견되었습니다.,C
GW63,T2116,‘플루오린’이라는 이름을 붙인 사람은 그것을 발견한 사람과 다르다.,E
GW63,T2116,플루오린은 단단한 상태에서 고립 될 수 있습니다.,N
GW63,T2116,플루오린은 STP 단계에있을 때 단단합니다.,C
GW25,T2116,"플루오린은 알파, 베타 알로 트로프가있는 반응성 금속입니다.",E
GW25,T2116,"안드레-마리 암페르 (André-Marie Ampère)가 처음으로 플로린을 발견했지만, 헨리 모이잔 (Henri Moissan)의 첫 번째 고립은 화학 학자들 사이에서 그것의 승인을 얻는 것으로 입증되었습니다.",N
GW25,T2116,햄프리 데이비 (Humphry Davy)는 플로린 (Flourine)이라고 불렀지만 헨리 모이잔 (Henri Moissan)은 그것을 발견했습니다.,C
GW1,T2117,메인 스트리트 지하철역(Dual System IRT)은 1928년 가을에 개장했다.,E
GW1,T2117,메인 스트리트 지하철역(Dual System IRT)에는 항상 2개의 섬 플랫폼이 있었다.,N
GW1,T2117,메인 스트리트 지하철역(Dual System IRT)은 100년 넘게 운영되고 있다.,C
GW86,T2117,메인 스트리트 지하철역에는 플랫폼보다 더 많은 트랙이 있습니다.,E
GW86,T2117,메인 스트리트 지하철역은 91 년 전에 지어졌습니다.,N
GW86,T2117,메인 스트리트 지하철역은 트랙보다 플랫폼이 더 많습니다.,C
GW52,T2117,메인 스트리트 지하철역(Dual System IRT)은 20세기에 개장했다.,E
GW52,T2117,메인 스트리트 지하철역(Dual System IRT)은 현재 운영 중이다.,N
GW52,T2117,메인 스트리트 지하철역(Dual System IRT)은 뉴욕 전체를 통과한다.,C
GW106,T2118,Fosters Freeze의 원래 본부는 오늘날 본부와는 다른 도시에 위치하고 있습니다.,E
GW106,T2118,Sanjay Patel은 Fosters Freeze의 책임자 역할을 수락하기 위해 Google의 CEO로 사임했습니다.,N
GW106,T2118,"Fosters Freeze는 Phoenix, AZ의 특정 상점에서 새로운 Strawberry Shortcake soft serve twist 맛을 테스트했습니다.",C
GW83,T2118,Fosters Freeze는 George Foster에 의해 설립되었습니다.,E
GW83,T2118,"파사데나, 캘리포니아에 Fosters Freeze Location가 있습니다.",N
GW83,T2118,Fosters Freeze는 할리우드 캘리포니아에 설립되었습니다.,C
GW86,T2118,Fosters Freeze의 본부는 체인이 설립 된 도시와는 다른 도시에 위치하고 있습니다.,E
GW86,T2118,‘Fosters Freeze’의 창업자 사망,N
GW86,T2118,Fosters Freeze는 여러 주에 레스토랑을 보유하고 있습니다.,C
GW52,T2119,Ganesh Chaturthi는 거의 2 주간 지속됩니다.,E
GW52,T2119,Ganesh Chaturthi는 8 월에 끝날 수 있습니다.,N
GW52,T2119,Ganesh Chaturthi는 아시아 전역에서 관찰됩니다.,C
GW28,T2119,Ganesh Chaturthi는 매년 다른 날에 떨어지는 다일간의 종교 관례입니다.,E
GW28,T2119,Ganesh Chaturthi전통은 지키는 동안 아이들에게 선물로 돈을 주는 것을 지시합니다.,N
GW28,T2119,Ganesh Chaturthi는 여름이 끝나기 시작하는 단일 날의 관례입니다.,C
GW4,T2119,Ganesh Chaturthi는 일주일 이상 지속됩니다.,E
GW4,T2119,Ganesh Chaturthi는 1000 년 이상 힌두교 전통의 일부였습니다.,N
GW4,T2119,Ganesh Chaturthi는 매년 같은 날짜에 발생합니다.,C
GW106,T2120,가필드 파크 지점은 같은 달에 63 년 간격으로 개장 및 폐쇄되었습니다.,E
GW106,T2120,가필드 파크 지점은 시카고에서 2 세기 동안 살아남은 유일한 빠른 교통 라인입니다.,N
GW106,T2120,Garfield Park Branch는 일리노이 주 쿡 카운티 내에서 전적으로 운영되었습니다.,C
GW74,T2120,Garfield Park Branch는 개장 한 달에 문을 닫았습니다.,E
GW74,T2120,가필드 파크 지점은 1895 년에 22 개의 역이있었습니다.,N
GW74,T2120,Metropolitan West Side Elevated Railroad는 Garfield Park Branch가 폐쇄 될 때 운영자였습니다.,C
GW28,T2120,Garfield Park Branch는 50 년 이상 운영되지 않았습니다.,E
GW28,T2120,가필드 파크 지점은 버려지고 유죄 판결을 받는다.,N
GW28,T2120,Garfield Park Branch는 중서부의 여러 주를 봉사했다.,C
GW52,T2121,“여성에 대한 일반 시험”은 단지 10 년 동안 사용되었습니다.,E
GW52,T2121,여성에 대한 일반 시험은 직업을위한 문에 발을 넣어야했다.,N
GW52,T2121,20세기에 여성에 대한 일반적인 시험이 수행되었습니다.,C
GW28,T2121,여성을위한 일반 시험은 대학에서 고등 교육을위한 여성 자격을위한 시험이었다.,E
GW28,T2121,여성에 대한 일반 시험은 학업 경력을 추구하고자하는 여성에게 필요했습니다.,N
GW28,T2121,여성에 대한 일반 시험은 여러 언어로 제공되었으며 오늘날까지 계속되고 있습니다.,C
GW74,T2121,여성에 대한 일반 시험이 시작된 지 11 년 후에 끝났습니다.,E
GW74,T2121,런던 대학은 1869 년에 여성에 대한 일반 시험을 가진 유일한 대학이었다.,N
GW74,T2121,런던 대학교에서 20년간 지속된 여성에 대한 일반 시험,C
GW28,T2122,조지 워싱턴 브릿지는 뉴욕과 뉴욕을 연결합니다.,E
GW28,T2122,조지 워싱턴 브리지(George Washington Bridge)는 세계에서 가장 바쁜 다리이다.,N
GW28,T2122,조지 워싱턴 브릿지는 자유롭고 단층 강철 브릿지입니다.,C
GW52,T2122,"GW는 매일 거의 300,000 대의 차량이 그것을 통과합니다.",E
GW52,T2122,GW는 결코 개조되지 않았습니다.,N
GW52,T2122,GW는 19세기에 다시 오픈했습니다.,C
GW86,T2122,조지 워싱턴 브릿지는 하나 이상의 주에 위치하고 있습니다.,E
GW86,T2122,트럭은 조지 워싱턴 브릿지를 이용하는 것이 금지되어 있습니다.,N
GW86,T2122,다리 건설 시작과 다리의 모든 부분을 대중에게 열기까지는 30년이 덜 흘렀다.,C
GW28,T2123,거대한 세포 동맥염은 주로 노인들에게 영향을 미칩니다.,E
GW28,T2123,거대한 세포 동맥염은 염증으로 인해 얼굴을 빨게 만듭니다.,N
GW28,T2123,거대한 세포 동맥염은 수백만 명의 노인들에게 영향을 미치며 삶을 단축시킵니다.,C
GW86,T2123,거대한 세포 동맥염은 시력의 완전한 손실과 심장 문제와 관련이 있습니다.,E
GW86,T2123,거대한 세포 동맥염은 50 세 이상의 사람들에게만 발생합니다.,N
GW86,T2123,거대한 세포 동맥염은 일반적으로 얼마나 오래 살 것으로 예상되는지에 영향을 미칩니다.,C
GW52,T2123,거대한 세포 동맥염은 일반적으로 노인에서 발생합니다.,E
GW52,T2123,Horton 질병은 어린이에게서 발생하지 않습니다.,N
GW52,T2123,Arteritis는 영향을받는 사람들의 수명에 영향을 미칩니다.,C
GW12,T2124,‘좋은 금요일’은 기독교인들에게 매년 일어나는 축제입니다.,E
GW12,T2124,좋은 금요일은 4 월에만 관찰됩니다.,N
GW12,T2124,종교적 휴일로 간주되는 좋은 금요일은 부활절 일요일 직후의 금요일에 일어납니다.,C
GW19,T2124,유월절과 마찬가지로 좋은 금요일은 매년 특정 날짜에 떨어지지 않습니다.,E
GW19,T2124,‘좋은 금요일’은 유월절의 첫날과 일치합니다.,N
GW19,T2124,서양과 동양 기독교는 동일한 날에 그리스도의 부활을 축하합니다.,C
GW28,T2124,좋은 금요일은 매년 다른 날에 떨어지는 연례 종교 명절입니다.,E
GW28,T2124,고요 금요일은 기독교인들에게 가장 거룩한 시간입니다.,N
GW28,T2124,좋은 금요일은 기독교인들에 의해 축제적이고 시끄럽게 지키는 것입니다.,C
GW74,T2125,점수 등급은 1 년이 시작된 후 31 년부터 3 년 동안 유효합니다.,E
GW74,T2125,인도에서 더 많은 학생들이 미국보다 GATE를 이용합니다.,N
GW74,T2125,점수 등급은 1 년이 시작된 후 3 년 10 년 동안 유효했습니다.,C
GW86,T2125,"GATE를 이용하는 비용은 성별, 국적 및 장애 상태에 따라 다릅니다.",E
GW86,T2125,게이트는 2015 년 이전에 도입되었습니다.,N
GW86,T2125,게이트는 글쓰기 시험이다.,C
GW4,T2125,80년대에 시작된 공학의 졸업 능력 시험이다.,E
GW4,T2125,인도에서만 진행되는 공학의 졸업 능력 테스트입니다.,N
GW4,T2125,공학의 대학원 능력 테스트는 학생들이 무료로 수행 할 수 있습니다.,C
GW52,T2126,GMAT는 수백 명의 학생들이 수행했습니다.,E
GW52,T2126,GMAT는 지속적으로 주요 입학 도구가되었습니다.,N
GW52,T2126,GMAT는 삶에 좋습니다.,C
GW106,T2126,GMAT 시험에는 4개의 섹션이 있습니다.,E
GW106,T2126,영어 전공은 GMAT 시험에서 완벽한 점수의 가장 높은 그룹을 차지했습니다.,N
GW106,T2126,GMAT 점수가 850 이상인 시험 참가자는 미국 대학과 대학에서 가장 권위있는 비즈니스 프로그램에 입학 할 가능성이 가장 높습니다.,C
GW28,T2126,Graduate Management Admission Test는 비즈니스 스쿨 입학에 사용되는 영어 기반 시험입니다.,E
GW28,T2126,Graduate Management Admission Test은 사기와 사기 증명입니다.,N
GW28,T2126,Graduate Management Admission Test는 밤을 필요로하는 다일 테스트입니다.,C
GW28,T2127,레코드 시험 : 일반 시험은 여러 국가에서 수행되지만 하나의 언어로만 제공됩니다.,E
GW28,T2127,Record Examination: General Test는 가장 인기있는 시험입니다.,N
GW28,T2127,레코드 시험 : 일반 시험은 학교에 신청할 때 불필요합니다.,C
GW106,T2127,종이 기반 시험으로 GRE를 취하는 학생들은 컴퓨터로 시험을하는 학생들보다 더 자주 시험을 취할 수 있습니다.,E
GW106,T2127,GRE는 미국의 학부생을위한 졸업에 필수적입니다.,N
GW106,T2127,GRE는 트루먼 행정부 기간 동안 처음으로 제공된 표준화된 테스트입니다.,C
GW60,T2127,1936 년에 가져온 GRE는 1941 년까지 유효합니다.,E
GW60,T2127,GRE는 교육 테스트 서비스에서 제공하는 유일한 시험입니다.,N
GW60,T2127,일부 GRE 점수는 1939 년에 무효화되었습니다.,C
GW28,T2128,그래픽 디자이너는 창조적이고 시각적으로 초점을 맞춘 직업입니다.,E
GW28,T2128,그래픽 디자이너는 잘 보상됩니다.,N
GW28,T2128,그래픽 디자이너는 엔지니어와 같은 많은 기술 직업에서 일할 수 있습니다.,C
GW106,T2128,광고 기관에서 창조적 인 디렉터는 그래픽 디자이너를위한 이상적인 직업이 될 것입니다.,E
GW106,T2128,데스크탑 출판 업계에서 성공한 대부분의 그래픽 디자이너는 예술 역사에서 대학 과정을 졸업했습니다.,N
GW106,T2128,출판 분야의 그래픽 디자이너의 경력 전망은 디지털 책의 상승으로 인해 최근 몇 년 동안 감소했습니다.,C
GW60,T2128,예술 감독은 예술 역사에 능숙해야합니다.,E
GW60,T2128,창조적 인 디렉터는 항상 웹 사이트 디자이너가 될 수 있습니다.,N
GW60,T2128,예술 디렉토리는 인쇄물에서 작동할 수 없습니다.,C
GW28,T2129,Guillain-Barré 증후군은 알려지지 않은 원인과 진단 및 치료 후 오랜 회복 시간의 의료 상태입니다.,E
GW28,T2129,Guillain-Barré 증후군의 치료는 비싸고 수년이 걸립니다.,N
GW28,T2129,Guillain-Barré 증후군은 뇌에서 시작하여 눈과 귀에 영향을줍니다.,C
GW74,T2129,증상보다 합병증이 더 많다.,E
GW74,T2129,손과 발의 근육 약점을 관찰하는 것이 가장 좋은 진단 방법입니다.,N
GW74,T2129,영향을받는 사람들의 사망률은 연간 영향을받는 사람들의 빈도보다 낮습니다.,C
GW52,T2129,Guillain-Barré 증후군은 낮은 사망률을 가지고 있습니다.,E
GW52,T2129,Guillain-Barré 증후군이 자주 발생합니다.,N
GW52,T2129,Guillain-Barré 증후군의 원인은 알려져 있습니다.,C
GW60,T2130,2018년 “구루 푸르니마”는 2019년 “구루 푸르니마”보다 올해 나중에 축하되었다.,E
GW60,T2130,Guru Purnima는 또한 인도의 국립 휴일입니다.,N
GW60,T2130,2020년 “구루 푸르니마”는 2019년 “구루 푸르니마”보다 올해 초에 축하될 예정이다.,C
GW1,T2130,Guru Purnima는 여름에 일어납니다.,E
GW1,T2130,네팔은 Guru Purnima가 축하되는 유일한 장소입니다.,N
GW1,T2130,Guru Purnima는 일년에 두 번 일어납니다.,C
GW4,T2130,Guru Purnima는 매년 일어나는 일입니다.,E
GW4,T2130,사람들은 일반적으로 Guru Purnima에서 많은 음식을 먹습니다.,N
GW4,T2130,Guru Purnima는 항상 같은 날에 일어납니다.,C
GW12,T2131,‘하누카’는 유대인들이 지키는 유대인 휴일이다.,E
GW12,T2131,하누카는 촛불을 켜고 노래를 부르며 음식을 먹는 것을 포함합니다.,N
GW12,T2131,하누카는 12 월에만 발생하는 유대인 휴일입니다.,C
GW52,T2131,‘하누카’는 매년 열립니다.,E
GW52,T2131,‘하누카’는 모든 나라에서 축하되고 있다.,N
GW52,T2131,하누카는 매년 같은 날짜에 일어납니다.,C
GW60,T2131,하누카는 2019년보다 2018년 1월에 시작됐다.,E
GW60,T2131,하노카는 2021년에 21세기의 다른 어느 해보다 일찍 시작될 예정이다.,N
GW60,T2131,하노카는 21세기의 다른 어느 해보다 2021년에 나중에 시작될 것이다.,C
GW89,T2132,“Holi”는 2020년 3월 9일에 개최될 예정이다.,E
GW89,T2132,Holi는 매년 다른 날짜에 개최됩니다.,N
GW89,T2132,Holi의 날짜는 로마 달력에 기초합니다.,C
GW106,T2132,Holi는 많은 종교에서 관찰되는 문화 축제입니다.,E
GW106,T2132,"파란색, 녹색, 파란색은 Holika Bonfire 기간 동안 착용자에게 특별한 의미를 지니고 있습니다.",N
GW106,T2132,Holi는 항상 봄에 일어납니다.,C
GW19,T2132,Holi는 여러 신앙에서 축하하는 인도 휴일입니다.,E
GW19,T2132,Holi는 인도에서 일년 중 가장 거룩한 날로 간주됩니다.,N
GW19,T2132,인도에서는 모든 종교가 금식과 열렬한 기도에서 하루를 보내면서 Holi를 지키고 있습니다.,C
GW52,T2133,Howrah Bridge 프로젝트는 완료하는 데 몇 년이 걸렸습니다.,E
GW52,T2133,호브라 브릿지는 개장 이후로 개조되지 않았습니다.,N
GW52,T2133,Howrah Bridge는 통과하는 데 비용이 부담스럽습니다.,C
GW1,T2133,‘하우라 브릿지’는 건설하는데 5년이 걸렸다.,E
GW1,T2133,Howrah Bridge는 and Tritton이 설계한 유일한 다리입니다.,N
GW1,T2133,‘하우라 브릿지’는 1943년 여름에 문을 열었다.,C
GW12,T2133,Howrah Bridge는 강철로 만들어졌으며 칼카타 포트 트러스트 (Kalkata Port Trust)에 의해 유지됩니다.,E
GW12,T2133,호브라 브리지의 건설은 1942 년에 시작되었으며 1943 년에 개장되었습니다.,N
GW12,T2133,"매일 총 800,000 명의 사람과 차량이 하우라 브릿지를 건너고 있습니다.",C
GW28,T2134,HTC Dream는 Android의 Donut를 사용하는 스마트 폰입니다.,E
GW28,T2134,HTC 드림은 첫 번째 세대 스마트 폰입니다.,N
GW28,T2134,HTC 드림은 기본적으로 뒷면과 앞면 카메라를 갖추고 있습니다.,C
GW52,T2134,HTC의 꿈은 1000mAh 이상의 배터리를 가지고 있습니다.,E
GW52,T2134,‘HTC 드림’은 아직 생산 중이다.,N
GW52,T2134,HTC의 꿈은 핸드폰이다.,C
GW4,T2134,HTC Dream에는 1000mAh 이상의 배터리가 있습니다.,E
GW4,T2134,HTC 드림은 아이폰을 복사하도록 설계되었습니다.,N
GW4,T2134,HTC 드림은 단일 대역 안테나 만 가지고 있습니다.,C
GW86,T2135,Huawei Ascend G300는 하나 이상의 네트워크에서 작동 할 수 있습니다.,E
GW86,T2135,Huawei Ascend G300는 현재 생산 중입니다.,N
GW86,T2135,Huawei Ascend G300는 태블릿 장치입니다.,C
GW52,T2135,Ascend G300의 시작 운영 체제는 Android 4였습니다.,E
GW52,T2135,Ascend G300은 아직 생산 중입니다.,N
GW52,T2135,Ascend G300은 각 모델에서 동일한 카메라를 가지고있었습니다.,C
GW38,T2135,Huawei Ascend G300는 HSPA900/2100 네트워크와 호환됩니다.,E
GW38,T2135,Huawei Ascend G300는 Huawei가 만든 가장 빠른 스마트 폰입니다.,N
GW38,T2135,Huawei Ascend G300는 Android 2.0 운영 체제에서 실행됩니다.,C
GW12,T2136,갑상선 질환 (hyperthyroidism)의 빈도는 미국에서 1.2%입니다.,E
GW12,T2136,그레이브스 병은 갑상선 질환의 유일한 원인입니다.,N
GW12,T2136,hyperthyroidism는 보통 어린 시절에 발생합니다.,C
GW74,T2136,hyperthyroidism의 원인보다 더 많은 증상이 있습니다.,E
GW74,T2136,그레이브스 질병은 근육의 약점을 유발합니다.,N
GW74,T2136,치료보다 약이 더 많다.,C
GW52,T2136,hyperthyroidism는 인구의 1% 이상에서 발생합니다.,E
GW52,T2136,hyperthyroidism은 20 세 이전과 50 세 이후에 발생합니다.,N
GW52,T2136,hyperthyroidism는 알려진 원인이 없습니다.,C
GW63,T2137,"Corona Yard, East 180th Street Yard는 뉴욕 지하철 시스템에 통합됩니다.",E
GW63,T2137,뉴욕에서만 지하철이 있다.,N
GW63,T2137,Interborough Rapid Transit Company는 100 년 이상 운영되었습니다.,C
GW52,T2137,Interborough Rapid Transit Authority는 20세기에 시작되었다.,E
GW52,T2137,지하철은 뉴욕 전체를 봉사했다.,N
GW52,T2137,오늘도 신속한 교통을 위한 인터보로우 기관(Interborough Rapid Transit Authority)이 운영되고 있다.,C
GW28,T2137,Interborough Rapid Transit Company는 37 년 동안 존재했습니다.,E
GW28,T2137,Interborough Rapid Transit Company는 파산하고 맨해튼 철도 회사에 의해 인수되었습니다.,N
GW28,T2137,Interborough Rapid Transit Company는 오늘날까지 운영되는 사립 단체입니다.,C
GW28,T2138,International English Language Testing System은 영어 능력에 대한 표준화 된 시험입니다.,E
GW28,T2138,International English Language Testing System은 세계에서 가장 인기있는 영어 시험입니다.,N
GW28,T2138,국제 영어 시험 시스템은 언제든지 온라인으로 취할 수 있습니다.,C
GW74,T2138,"시험 센터보다 IELTS 시험 점수를 사용하는 대학, 기관 및 기타 기관이 더 많습니다.",E
GW74,T2138,1980년 영국에서 처음 시작한,N
GW74,T2138,테스트 센터보다 테스트 점수를 사용하는 국가가 더 많습니다.,C
GW105,T2138,국제 영어 시험 시스템은 여러 가지 부분을 가지고 있습니다.,E
GW105,T2138,이 테스트는 대부분 멕시코 출신의 이민자를 대상으로합니다.,N
GW105,T2138,이 테스트를 사용하는 대학은 거의 없습니다.,C
GW107,T2139,‘iOS’는 애플이 개발한 것이다.,E
GW107,T2139,iOS는 최고의 운영 체제입니다.,N
GW107,T2139,“iOS”는 Python로 작성되어 있습니다.,C
GW52,T2139,iOS는 2000 년대에 처음으로 데뷔했습니다.,E
GW52,T2139,iOS는 지난 12 년 동안 자주 업데이트를 받았습니다.,N
GW52,T2139,“iOS”는 오픈소스 소프트웨어입니다.,C
GW74,T2139,iOS의 최신 미리보기는 최신 릴리스 후 8 일 이었습니다.,E
GW74,T2139,iOS는 2007 년부터 40 개 언어로 사용할 수 있습니다.,N
GW74,T2139,iOS의 최신 릴리스는 초기 릴리스와 같은 달에 발생했습니다.,C
GW52,T2140,IBS는 성인이 노년기에 이르기 전에 발생합니다.,E
GW52,T2140,IBS의 빈도는 시간이 지남에 따라 증가했습니다.,N
GW52,T2140,IBS를 가진 사람들은 더 짧은 삶을 살고 있습니다.,C
GW63,T2140,IBS는 짧은 기간의 상태가 아니지만 사람들은 삶의 기간을 짧게하는 것에 대해 걱정할 필요가 없습니다.,E
GW63,T2140,당신은 40 세에 IBS를 결코 얻을 수 없습니다.,N
GW63,T2140,IBS의 알려진 원인은 수술로 치료할 수 있습니다.,C
GW28,T2140,분리성 장 증후군은 장의 움직임에 영향을 미치는 의학적 상태입니다.,E
GW28,T2140,분리성 장 증후군의 치료는 쉽고 비싸지 않습니다.,N
GW28,T2140,분리성 장 증후군은 때로는 치명적입니다.,C
GW52,T2141,"q111 q113, q114 Jamaica-Far Rockaway 라인은 20세기의 전환 이후 어떤 방식으로든 운영되고 있습니다.",E
GW52,T2141,q113 Jamaica−Far Rockaway 라인은 24시간 운영 중입니다.,N
GW52,T2141,"q111 q113, q114 Jamaica-Far Rockaway 라인은 모두 동일한 킬로미터를 가지고 있습니다.",C
GW60,T2141,Q111은 Q113 및 Q114보다 1마일에 더 많은 승객을 운반합니다.,E
GW60,T2141,Baisley Park Depot은 MTA 버스 회사가 소유하고 있습니다.,N
GW60,T2141,Q113은 낮에는 결코 닫히지 않습니다.,C
GW28,T2141,"q111 q113, q114 Jamaica−Far Rockaway 라인은 퀸즈와 나사우 카운티 사이의 버스 노선입니다.",E
GW28,T2141,"q111 q113, q114 Jamaica−Far Rockaway 라인은 모든 버스에서 공공 Wifi를 갖추고 있습니다.",N
GW28,T2141,"q111 q113, q114 Jamaica−Far Rockaway 라인은 거의 사용되지 않는 라인이다.",C
GW4,T2142,황색은 사람들의 피부 색깔을 변화시킵니다.,E
GW4,T2142,질병 황색은 의약품으로 치료할 수 있습니다.,N
GW4,T2142,질병 황색은 일반적으로 사람들에게 치명적입니다.,C
GW28,T2142,황색은 피부와 눈을 노란색으로 변색하는 의료 상태입니다.,E
GW28,T2142,때때로 ‘황색’은 치명적이다.,N
GW28,T2142,황색은 나쁜식이 요법과 운동 부족으로 인해 발생합니다.,C
GW12,T2142,노란색은 피부의 노란색 색상과 관련된 간질학 전문 분야입니다.,E
GW12,T2142,피부와 눈의 흰색은 개인이 노란색이있을 때 노란색으로 변합니다.,N
GW12,T2142,황폐증을 진단하기위한 한 가지 검사가 있습니다.,C
GW1,T2143,공동 입학 시험은 반년마다 제공됩니다.,E
GW1,T2143,국가 테스트 기관은 단지 공동 입학 시험을 관리합니다.,N
GW1,T2143,공동 입학 시험은 20 세기에 제공되기 시작했습니다.,C
GW52,T2143,JEE Main은 2000 년대에 시작되었습니다.,E
GW52,T2143,JEE Main은 수년에 걸쳐 수행 된 테스트의 수를 증가시켰습니다.,N
GW52,T2143,JEE Main은 긍정적 인 점수 범위를 가지고 있습니다.,C
GW60,T2143,JEE 메인에 필요한 모든 서류를 완료하는 데 6 시간이 걸립니다.,E
GW60,T2143,JEE Main에는 차별 계산이 포함되어 있습니다.,N
GW60,T2143,2 년 연속 제공 될 때마다 시험을 취할 수 있습니다.,C
GW86,T2144,Kelana Jaya 라인 확장은 3 년 전에 개장했습니다.,E
GW86,T2144,Kelana Jaya 라인 확장은 현재 운영 중입니다.,N
GW86,T2144,Kelana Jaya 라인 확장은 4 년 전에 개장했습니다.,C
GW74,T2144,서비스보다 12개의 역이 더 많습니다.,E
GW74,T2144,Kelana Jaya 라인 확장이 2016년 6월 30일 열렸던 13개의 역이 있었다.,N
GW74,T2144,Termini보다 더 많은 서비스가 있습니다.,C
GW28,T2144,Kelana Jaya 라인 확장은 21 세기에 동남아시아에서 작동하기 시작했습니다.,E
GW28,T2144,Kelana Jaya 라인 확장은 Mag-lev를 사용하여 독점적으로 실행됩니다.,N
GW28,T2144,Kelana Jaya 라인 확장은 수천 마일의 트랙을 통해 여러 국가에서 운영됩니다.,C
GW52,T2145,35 / 36 지하철 라인은 전송 가능한 서비스를 허용합니다.,E
GW52,T2145,35 메트로 라인 승객은 36 메트로 라인을 이용할 수 있습니다.,N
GW52,T2145,35 / 36 지하철 라인은 일주일에 걸쳐 운영됩니다.,C
GW28,T2145,35 / 36 지하철 라인은 정해진 일정에 따라 운영되는 대중 교통 라인입니다.,E
GW28,T2145,승객은 스마트 폰으로 35 / 36 지하철 라인에서 요금을 지불 할 수 있습니다.,N
GW28,T2145,35 / 36 지하철 라인은 휴식없이 하루 24 시간 운영합니다.,C
GW4,T2145,35 / 36 지하철 라인은 하루에 6 번 운행됩니다.,E
GW4,T2145,35 / 36 지하철 라인은 많은 영역을 커버합니다.,N
GW4,T2145,35 / 36 지하철 라인은 아우디 차량을 사용합니다.,C
GW106,T2146,라미아 2933편의 승객 중 10% 미만이 추락에서 살아남았다.,E
GW106,T2146,라미아 2933편의 생존자들은 모두 승객이었다.,N
GW106,T2146,LaMia Flight 2933에서 사용 된 Avro RJ85 항공기는 연료 측정기가 부러졌습니다.,C
GW74,T2146,승객보다 승객이 더 많았다.,E
GW74,T2146,생존자 6명 중 4명은 승무원이었다.,N
GW74,T2146,생존자들은 부상을 입지 않았다.,C
GW95,T2146,승무원 1명당 18명의 승객이 있었다.,E
GW95,T2146,생존자 6명 중 3명은 승무원이었다.,N
GW95,T2146,사고는 막을 수 없었다.,C
GW74,T2147,최소 반경은 가장 높은 높이의 높이보다 길다.,E
GW74,T2147,라스베가스 모노레일은 1995 년에 7 개의 역을 가지고있었습니다.,N
GW74,T2147,라스베가스 모노레일은 운영하는 것과는 다른 회사가 소유하고 있습니다.,C
GW4,T2147,라스베가스 모노레일은 15 년 이상 존재해 왔습니다.,E
GW4,T2147,라스베가스 모노레일은 대부분의 호텔에서 멈추고 있습니다.,N
GW4,T2147,‘라스베가스 모노레일’은 자동차보다 느리다.,C
GW86,T2147,라스베가스 모노레일은 원래 다른 이름으로 개장되었습니다.,E
GW86,T2147,라스베가스 모노레일은 시간당 50 마일의 최대 속도를 가지고 있습니다.,N
GW86,T2147,라스베가스 모노레일은 1995 년부터 서비스 중단없이 운영되었습니다.,C
GW28,T2148,La Tomatina는 스페인의 연례 문화 행사입니다.,E
GW28,T2148,La Tomatina는 매년 수백만 갤런의 토마토를 낭비합니다.,N
GW28,T2148,La Tomatina는 매년 같은 날에 착륙합니다.,C
GW4,T2148,La Tomatina는 유럽에서 축하되는 휴일입니다.,E
GW4,T2148,La Tomatina는 음식으로 가득 찬 축제입니다.,N
GW4,T2148,La Tomatina는 매년 같은 날짜에 일어납니다.,C
GW52,T2148,La Tomatina는 매년 8 월에 개최됩니다.,E
GW52,T2148,La Tomatina는 일주일간의 이벤트입니다.,N
GW52,T2148,La Tomatina는 매년 같은 날에 일어납니다.,C
GW28,T2149,"법률 학교 입학 시험은 많은 영어 언어 국가, 주로 미국에서 법률 학교 입학을위한 표준화 된 시험입니다.",E
GW28,T2149,법률 학교 입학 시험은 법률 학교뿐만 아니라 일부 대학원 학위 프로그램에 입학하는 데도 사용할 수 있습니다.,N
GW28,T2149,법률 학교 입학 시험은 여러 언어로 진행되는 다일 시험입니다.,C
GW86,T2149,법률 학교 입학 시험은 70 년 이상 존재하고있다.,E
GW86,T2149,LSAT의 쓰기 섹션은 법률 학교 입학에 고려되지 않습니다.,N
GW86,T2149,2006 년에 수행 된 테스트에서 LSAT 점수는 오늘날 유효합니다.,C
GW52,T2149,LSAT는 전 세계적으로 사용할 수 있습니다.,E
GW52,T2149,LSAT의 결과는 평생 동안 좋습니다.,N
GW52,T2149,LSAT에는 부정적인 점수 측정이 있습니다.,C
GW28,T2150,LG Optimus G는 하나의 카메라가있는 한국 스마트 폰입니다.,E
GW28,T2150,LG Optimus G는 LG의 베스트셀러였습니다.,N
GW28,T2150,LG Optimus G는 국내 한국 시장을 위해 제조됩니다.,C
GW74,T2150,스토리지: 최대 30GB 메모리보다 더 많은,E
GW74,T2150,LG Optimus G가 Android 4.0 Ice Cream Sandwich에서 실행하는 것보다 16 GB의 스토리지가 있습니다.,N
GW74,T2150,LG G2가 LG Optimus 4X HD를 앞두고 있다.,C
GW52,T2150,LG Optimus G에는 여러 가지 스토리지 옵션이 있습니다.,E
GW52,T2150,LG Optimus G는 오늘날까지 계속 생산되고 있습니다.,N
GW52,T2150,LG Optimus G는 최초의 Optimus 시리즈였습니다.,C
GW74,T2151,OS 가족 및 기본 사용자 인터페이스는 Unix,E
GW74,T2151,Linux는 1991 년에 다국어로 사용할 수있었습니다.,N
GW74,T2151,플랫폼과 같은 수의 마케팅 목표가 있습니다.,C
GW1,T2151,리눅스는 20 세기의 마지막 10 년 동안 출시되었습니다.,E
GW1,T2151,Linus Torvalds는 Community보다 Linux를 개발하는 데 더 많은 노력을 기울였다.,N
GW1,T2151,Linus는 차트를 기반으로 30 개 이상의 플랫폼에서 작동합니다.,C
GW52,T2151,‘리눅스’는 1990년대에 개발되었다.,E
GW52,T2151,리눅스는 오늘날 시장에서 최고의 소프트웨어 중 하나입니다.,N
GW52,T2151,“Linux”는 C+로 작성됩니다.,C
GW1,T2152,리온 에어 비행 610은 2018 년 가을에 추락했다.,E
GW1,T2152,리온 에어 비행 610의 유일한 구조 다이빙이 사망했습니다.,N
GW1,T2152,‘라이언 에어 비행 610’의 생존자가 있었다.,C
GW12,T2152,181명의 승객과 8명의 승무원이 리온 에어 비행 610에 탑승했다.,E
GW12,T2152,IATA 번호와 리온 에어 비행 610에 대한 ICAO 번호는 동일합니다.,N
GW12,T2152,리온 에어 비행 610은 라이온 에어 (Lion Air)에 의해 운영되었으며 2018 년 초에 추락했습니다.,C
GW52,T2152,JT610은 작년에 추락했습니다.,E
GW52,T2152,JT610 비행의 운명은 명확한 증거가 없습니다.,N
GW52,T2152,JT610은 200명 이상의 사망자가 발생했습니다.,C
GW95,T2153,Loi Krathong는 올해 말 가까이에 발생합니다.,E
GW95,T2153,사람들이 Loi Krathong을 축하하기 위해 태국에 여행,N
GW95,T2153,Loi Krathong는 대부분 서양인들에 의해 관찰됩니다.,C
GW86,T2153,Loi Krathong는 일년에 한 번 관찰됩니다.,E
GW86,T2153,Loi Krathong는 매년 11 월 22 일에 관찰됩니다.,N
GW86,T2153,Loi Krathong는 단지 4 개의 다른 이름으로 알려져 있습니다.,C
GW52,T2153,Loi Krathong는 매년 발생합니다.,E
GW52,T2153,Loi Krathong는 아시아 전역에서 축하됩니다.,N
GW52,T2153,Loi Krathong는 북아메리카에서 축하됩니다.,C
GW52,T2154,Lupercalia는 음식으로 돕는 기회입니다.,E
GW52,T2154,Lupercalia는 매번 특정 동물을 희생합니다.,N
GW52,T2154,Lupercalia는 매년 같은 날짜에 개최됩니다.,C
GW86,T2154,Lupercalia는 여러 날짜에서 관찰됩니다.,E
GW86,T2154,Lupercalia는 오늘날에도 일부 개인에 의해 관찰됩니다.,N
GW86,T2154,Lupercalia는 한 날짜에만 관찰됩니다.,C
GW74,T2154,Lupercalia는 2 월 동안 축제로 축하되었습니다,E
GW74,T2154,염소와 개의 희생은 루퍼치에 의해 모든 로마인들에 의해 실행되었다.,N
GW74,T2154,로마 제국은 가을에 Lupercalia를 축하했다,C
GW86,T2155,Māgha Pūjā는 적어도 5 개국에서 관찰됩니다.,E
GW86,T2155,‘마가 푸야’는 6개국에서만 관찰된다.,N
GW86,T2155,“Māgha Pūjā”는 2019년 여름에 관찰되었다.,C
GW52,T2155,올해 2월에는 ‘마가 푸야(Māgha Pūjā)’가 있었다.,E
GW52,T2155,Māgha Pūjā는 수세기 동안 축하되어 왔습니다.,N
GW52,T2155,마가 푸야(Māgha Pūjā)는 엄격한 불교의 축제이다.,C
GW74,T2155,2019년 2월 19일은 완전한 달이었습니다.,E
GW74,T2155,"The Shwedagon Pagoda Festival has a procession with light, 빛과 함께 진행되는 축제.",N
GW74,T2155,셋째 달은 2019년 3월이었다.,C
GW84,T2156,Mahavir의 탄생 기념일은 봄에 축하됩니다.,E
GW84,T2156,Mahaveer Swami의 생일은 2019 년에 축하되지 않습니다.,N
GW84,T2156,Mahaveer Swami의 생일은 사람들이 선물을 가져 가야합니다.,C
GW60,T2156,Mahaveer Swami는 제인 종교에서 중요합니다.,E
GW60,T2156,기도는 제인 성전에서만 이루어집니다.,N
GW60,T2156,인도에는 제인 성전이 없다.,C
GW4,T2156,Mahaveer Janma Kalyanak는 인도에서 매년 일어나는 휴일입니다.,E
GW4,T2156,매년 같은 날에 일어나는 ‘마하베어 얀마 칼라이아나크(Mahaveer Janma Kalyanak)’,N
GW4,T2156,2019 년 Mahaveer Janma Kalyanak은 5 월에 일어났습니다.,C
GW28,T2157,대우 우울증 장애는 젊은 성인에게 나타나는 심리적 상태이며 몇 달이 아니라 몇 년 동안 지속될 수 있습니다.,E
GW28,T2157,대 우울증 장애는 어린 아이들에게 나타나지 않습니다.,N
GW28,T2157,대형 우울증 장애는 환경의 변화로 치유 될 수 있습니다.,C
GW106,T2157,낮은 자존감은 유니폴라 우울증으로 고통받는 사람들의 증상 중 하나입니다.,E
GW106,T2157,대부분의 임상 우울증으로 고통받는 사람들은 또한 자기 해를 입습니다.,N
GW106,T2157,전립선 치료는 유니폴라 장애를 앓고있는 환자에서 자살의 가능성에 대처하기 위해 가장 일반적으로 사용되는 치료 형태입니다.,C
GW52,T2157,주요 우울증 장애는 100 백만 건이 넘는 경우에 기인합니다.,E
GW52,T2157,주요 우울증 장애는 진단 된 사례의 측면에서 상승하고 있습니다.,N
GW52,T2157,주요 우울증 장애는 급성 상태입니다.,C
GW28,T2158,Makara Sankranti는 1 월에 다른 날에 떨어질 수 있습니다.,E
GW28,T2158,Makara Sankranti는 힌두교인들에게 가장 신성한 휴일입니다.,N
GW28,T2158,Makara Sankranti는 조용한 관찰과 관찰과 함께 열렬한 휴일입니다.,C
GW89,T2158,Makara Sankranti는 수확의 축제입니다.,E
GW89,T2158,Makara Sankranti는 매년 같은 날에 떨어집니다.,N
GW89,T2158,Makara Sankranti는 미국 달력 상관관계를 사용합니다.,C
GW52,T2158,Mela는 대부분 힌두교의 축제입니다.,E
GW52,T2158,Mela는 축하의 날에 달라집니다.,N
GW52,T2158,Mela는 순전히 문화적 이벤트입니다.,C
GW52,T2159,말레이시아 항공 370편은 생존자가 없는 것으로 추정된다.,E
GW52,T2159,MH370은 아직도 조사 중이다.,N
GW52,T2159,MAS370은 2019년에 최근에 발견되었습니다.,C
GW12,T2159,2014년 말레이시아항공기 370편 추락 사태의 원인은 알려지지 않았다.,E
GW12,T2159,“말레이시아 항공 370편”은 승무원 12명과 승객 227명이었다.,N
GW12,T2159,말레이시아 항공 370편은 베이징 수도 국제공항에서 출발하여 쿠알라 룸푸르 국제공항으로 향했다.,C
GW19,T2159,말레이시아 항공 370호 사고의 정확한 위치는 아직 밝혀지지 않았다.,E
GW19,T2159,경찰은 말레이시아 항공 370이 의도적 인 인간 행위로 실종되었다고 판단했다.,N
GW19,T2159,경찰은 말레이시아 항공 370이 조종사 실수로 추락했다는 결론을 내렸다.,C
GW1,T2160,맨해튼 브릿지의 건설은 20 세기 초에 시작되었습니다.,E
GW1,T2160,맨해튼 브릿지는 항상 양쪽 방향으로 무료였습니다.,N
GW1,T2160,맨해튼 브릿지(Manhattan Bridge)를 건설하는 데 15년이 걸렸다.,C
GW52,T2160,맨해튼 브릿지는 1 세기 이상 사용되어 왔습니다.,E
GW52,T2160,맨해튼 브릿지는 결코 개조되지 않았습니다.,N
GW52,T2160,맨해튼 브릿지는 매일 10 만 대 이상의 차량이 그것을 통과합니다.,C
GW63,T2160,맨해튼 브릿지의 6855 피트 길이에 대한 요금이 없습니다.,E
GW63,T2160,맨해튼 브릿지는 뉴욕시 교통부가 유지하는 유일한 브릿지이다.,N
GW63,T2160,맨해튼 브릿지 건설은 5년도 안 걸렸다.,C
GW86,T2161,Mawlid은 30 개국 이상에서 공공 휴일입니다.,E
GW86,T2161,Mawlid은 매년 11 월 10 일 또는 15 일에 축하됩니다.,N
GW86,T2161,Mawlid은 수니와 시아 이슬람의 추종자들에 의해 독점적으로 축하됩니다.,C
GW52,T2161,Mawlid은 Sunni 또는 Shia 배경에 따라 다른 관찰 날짜가 있습니다.,E
GW52,T2161,Mawlid은 여러 대륙에서 축하됩니다.,N
GW52,T2161,Mawlid는 힌두교를 기반으로 한 이벤트입니다.,C
GW28,T2161,Mawlid는 무함마드의 탄생과 관련된 이슬람 관례입니다.,E
GW28,T2161,Mawlid는 세계에서 가장 인기있는 이슬람 휴일입니다.,N
GW28,T2161,Mawlid는 기독교 국가에서도 축하됩니다.,C
GW74,T2162,전력 출력 및 토크 출력 범위 150 이상,E
GW74,T2162,Mazda J 엔진전력 출력은 토크 출력에 의해 결정됩니다,N
GW74,T2162,블록 재료와 헤드 재료는 같은 종류의 재료입니다.,C
GW19,T2162,Mazda J 엔진은 여러 가지 밸브 트레인 구성이 있습니다.,E
GW19,T2162,Mazda J 엔진은 Mazda가 제조 한 가장 강력한 엔진입니다.,N
GW19,T2162,V8 Mazda J 엔진은 일본에서 제조 된 가장 강력한 엔진 중 하나입니다.,C
GW52,T2162,일부 Mazda J 엔진은 200 마력 이상을 생성합니다.,E
GW52,T2162,Mazda J 엔진은 오늘날에도 사용되고 있습니다.,N
GW52,T2162,Mazda J의 토크 출력은 항상 HP보다 높습니다.,C
GW74,T2163,일반적인 마비의 발병은 평균적으로 지속 시간보다 길다.,E
GW74,T2163,노출 후 10 일 후에 열이 발생합니다.,N
GW74,T2163,2015 년에는 마비의 빈도보다 절반 더 많은 사망자가있다.,C
GW52,T2163,Maisles의 시작과 기간은 총 약 3 주입니다.,E
GW52,T2163,Measles는 모든 영향을받는 개인에게 동일한 방법을 제공합니다.,N
GW52,T2163,"마비로 인한 사망자는 매년 100,000을 초과합니다.",C
GW4,T2163,사람들에게 마루를받지 못하게 할 수있는 백신이 있습니다.,E
GW4,T2163,고슴도치는 스스로 사라질 수있는 질병입니다.,N
GW4,T2163,마스슬은 그것을받는 사람들의 20 % 이상을 죽입니다.,C
GW74,T2164,"MCAT를 복용하는 사람은 1 월, 6 월, 2017 년 8 월에 다시 복용 할 수 있지만 9 월에 다시 복용하지 않습니다.",E
GW74,T2164,미국에서는 캐나다보다 더 많은 사람들이 MCAT를 복용했습니다.,N
GW74,T2164,누군가는 1 월과 2 월 사이에 2017 년에 4 번 MCAT를 취할 수 있습니다.,C
GW106,T2164,미국 의학 대학의 협회는 1920 년대 후반부터 MCAT를 제공하고있다.,E
GW106,T2164,생물학 전공은 일반적으로 MCAT 시험에서 물리학 전공보다 높은 점수를 얻습니다.,N
GW106,T2164,캐나다에서는 MCAT가 테스트 참가자를 위해 영어와 프랑스어로 제공됩니다.,C
GW28,T2164,Medical College Admission Test은 여러 국가에서 사용되지만 영어로만 제공됩니다.,E
GW28,T2164,Medical College Admission Test는 의료 대학에서 가장 존경받는 시험입니다.,N
GW28,T2164,의학 대학 입학 시험은 무료이며 신청하는 모든 사람에게 열려 있습니다.,C
GW89,T2165,MGM 그랜드 라스베가스는 거의 26 년 전에 개장했습니다.,E
GW89,T2165,객실 수에 따라 MGM Grand은 라스베가스에서 가장 큰 호텔 중 하나입니다.,N
GW89,T2165,MGM Grand은 2001 년에 개조되었습니다.,C
GW52,T2165,MGM Grand은 25 세 이상입니다.,E
GW52,T2165,MGM Grand은 현재 개조 중입니다.,N
GW52,T2165,MGM Grand에는 7000개가 넘는 객실이 있습니다.,C
GW28,T2165,MGM 그랜드 라스베가스는 여러 개의 개조로 20 년 이상 운영되어 왔습니다.,E
GW28,T2165,MGM 그랜드 라스베가스 (MGM Grand Las Vegas)는 매년 수십억 달러의 이익을 창출합니다.,N
GW28,T2165,MGM 그랜드 라스베가스(MGM Grand Las Vegas)는 개장한 지 10년이 지났습니다.,C
GW25,T2166,MicroBee는 $ 399에 키트 형태로 판매 된 가정용 컴퓨터 시스템입니다.,E
GW25,T2166,"16kB 또는 32kB 메모리는 작지만, 단조로운 사운드 생성기 및 스피커는 그 당시 매우 좋은 것으로 간주되었습니다.",N
GW25,T2166,MicroBee는 1982 년에 처음 소개되었으며 10 년 동안 실행 한 후 1992 년에 중단되었습니다.,C
GW52,T2166,MicroBee는 거의 10 년 동안 생산되었습니다.,E
GW52,T2166,MicroBee는 인기있는 가정용 컴퓨터였습니다.,N
GW52,T2166,MicroBee에는 여러 CPU가 있었다.,C
GW4,T2166,MicroBee는 8 년 동안 시장에있었습니다.,E
GW4,T2166,MicroBee는 수백만 개의 단위를 판매 할 수있었습니다.,N
GW4,T2166,MicroBee는 항상 Unix에서 실행되었습니다.,C
GW106,T2167,불필요한 약물은 때때로 편두통 두통 치료에 효과적 일 수 있습니다.,E
GW106,T2167,편두통으로 고통받는 위험은 시스템에서 에스트로겐의 양과 함께 증가합니다.,N
GW106,T2167,뇌종양은 전염병의 주요 원인입니다.,C
GW86,T2167,마그레인은 여러 가지 원인과 위험 요소를 가지고 있습니다.,E
GW86,T2167,마그레인은 때때로 남성에서 발생합니다.,N
GW86,T2167,마그레인은 또한 긴장 두통과 클러스터 두통으로 알려져 있습니다.,C
GW28,T2167,마그레인은 일반적으로 여성에게 영향을 미치며 평생 상태 일 수 있습니다.,E
GW28,T2167,치료되지 않은 경우 마그레인은 자살로 이어질 수 있습니다.,N
GW28,T2167,마그레인은 마사지 치료와 수술로 치료할 수 있습니다.,C
GW106,T2168,Moto G의 제거 가능한 스토리지는 16GB microSDXC로 확장할 수 있습니다.,E
GW106,T2168,Moto G는 또한 Moto X 스타일과 Moto X 플레이를 포함한 모토로라의 3 세대 장치에서 가장 많이 팔리는 장치였습니다.,N
GW106,T2168,Moto G에 사용할 수있는 마지막 OS는 Android 7.0 Nougat였습니다.,C
GW19,T2168,세 번째 세대 Moto G는 사용자가 microSD 카드 슬롯을 통해 메모리를 확장 할 수있었습니다.,E
GW19,T2168,3세대 Moto G의 이후 세대는 더 큰 스토리지 옵션을 제공했습니다.,N
GW19,T2168,Moto G 3세대는 제조업체의 최신 제품입니다.,C
GW52,T2168,Moto G는 이미 중단된 휴대폰이다.,E
GW52,T2168,Moto G는 오늘도 지원됩니다.,N
GW52,T2168,Moto G에는 모든 대륙에 대한 웹 사이트가 있습니다.,C
GW1,T2169,"2015 년에는 Multiple Sclerosis가 20,000 명 미만의 사망자를 초래했습니다.",E
GW1,T2169,Multiple Sclerosis에 대한 여러 가지 원인이 있습니다.,N
GW1,T2169,Multiple Sclerosis는 몇 가지 증상 만 가지고 있습니다.,C
GW63,T2169,멀티 스크레로스증을 앓고 있는 중년의 사람들은 정상인들보다 5~10년 덜 살 것으로 예상된다.,E
GW63,T2169,Multiple Sclerosis는 신경과 의사가 치료할 수 있습니다.,N
GW63,T2169,2015 년에 다발성 경화증으로 고통받는 사람들의 빈도는 그로 인한 사망자 수의 두 배였습니다.,C
GW108,T2169,Multiple Sclerosis는 신경학적 질병입니다.,E
GW108,T2169,고통받는 사람은 감각과 조정 모두에 문제가있을 것입니다.,N
GW108,T2169,Multiple Sclerosis는 어린 아이들에게 나타날 수 있습니다.,C
GW4,T2170,나쉬 균형은 그것을 발견 한 사람을 위해 명명되었습니다.,E
GW4,T2170,“나쉬 균형”은 20년 넘게 존재해 왔습니다.,N
GW4,T2170,나쉬 균형은 협력 게임에 적합합니다.,C
GW86,T2170,나쉬 균형은 항상 협력하지 않는 게임에 적용됩니다.,E
GW86,T2170,나쉬 균형은 협력을 포함하는 일부 게임에 적용됩니다.,N
GW86,T2170,나쉬 균형은 상관 관계 균형과 관련이 없습니다.,C
GW60,T2170,"나쉬 균형에는 흔들리는 손이 완벽하지만, 에피실론 균형은 포함되어 있지 않습니다.",E
GW60,T2170,Epsilon - 균형은 모든 비 협동 게임에서 사용됩니다.,N
GW60,T2170,나쉬 균형에는 에플실론 균형이 있지만 흔들리는 손이 완벽하지는 않습니다.,C
GW4,T2171,National Eligibility cum 입학 시험은 인도에서 대학에 입학하기위한 문제입니다.,E
GW4,T2171,National Eligibility cum 입학 시험은 공부하는 데 수년이 걸립니다.,N
GW4,T2171,National Eligibility cum Entrance Test은 노트북에서 수행됩니다.,C
GW28,T2171,National Eligibility cum 입학 시험은 인도 대학 입학 시험입니다.,E
GW28,T2171,National Eligibility cum 입학 시험은 무료입니다.,N
GW28,T2171,National Eligibility cum 입학 시험은 여러 언어로 제공되며 여러 날 동안 수행됩니다.,C
GW52,T2171,NEET (UG)는 부정적인 점수 범위를 가지고 있습니다.,E
GW52,T2171,NEET의 결과는 평생 동안 좋습니다.,N
GW52,T2171,NEET (UG)는 미국에서 발생합니다.,C
GW28,T2172,붉은 색의 Old National Highway 2의지도는 뉴 델리와 콜카타에 위치하고 있습니다.,E
GW28,T2172,붉은 색의 Old National Highway 2의지도는 수수료를 수집하기위한 관세가 있습니다.,N
GW28,T2172,붉은 색의 Old National Highway 2의지도는 몇몇 지역을 연결합니다.,C
GW4,T2172,붉은 색의 오래된 국가 고속도로 2의지도는 500 마일 이상의 도로를 커버합니다.,E
GW4,T2172,붉은 색의 오래된 국가 고속도로 2의지도는 2000 년 이후 완료되었습니다.,N
GW4,T2172,붉은 색의 오래된 국가 고속도로 2의지도는 두 개의 주요 고속도로 만 커버합니다.,C
GW74,T2172,국가보다 더 많은 주요 목적지,E
GW74,T2172,Old National Highway는 Haryana에서 다른 어떤 주보다도 더 많이 여행됩니다.,N
GW74,T2172,델리는 Old National Highway의 전체 길이의 1/3을 차지합니다.,C
GW28,T2173,‘나바라트리’는 힌두교의 여러일간의 축제다.,E
GW28,T2173,Navaratri축제는 불꽃놀이와 바디 페인트를 제공합니다.,N
GW28,T2173,나바라트리는 매년 같은 주에 한 번 축하됩니다.,C
GW86,T2173,Navaratri는 일주일 이상 지속됩니다.,E
GW86,T2173,힌두교인들은 나바라트리 기간 동안 일에서 휴식을 취합니다.,N
GW86,T2173,나바라트리는 매년 같은 날짜에 관찰됩니다.,C
GW1,T2173,Navaratri는 일주일 이상 지속됩니다.,E
GW1,T2173,나바라트리의 길이는 항상 9 일이었다.,N
GW1,T2173,나바라트리는 항상 여름에 일어납니다.,C
GW28,T2174,Nissan BD 엔진에는 연료 주입과 냉각 시스템이 있습니다.,E
GW28,T2174,Nissan BD 엔진은 일본인에 의해 설계되었습니다.,N
GW28,T2174,Nissan BD 엔진은 리튬 이온 배터리로 구동되고 바람에 의해 냉각됩니다.,C
GW19,T2174,Nissan BD 엔진은 V8 엔진이 아닙니다.,E
GW19,T2174,Nissan BD 엔진에 사용되는 냉각 시스템은,N
GW19,T2174,Nissan BD 엔진은 강력한 전기 자동차 엔진입니다.,C
GW52,T2174,Nissan BD 엔진은 100 hp 미만의 전력 출력을 게시합니다.,E
GW52,T2174,Nissan BD 엔진은 여전히 사용 중입니다.,N
GW52,T2174,Nissan BD 엔진은 V6입니다.,C
GW86,T2175,노키아 9 PureView에는 여러 카메라가 있습니다.,E
GW86,T2175,“노키아 9 PureView”는 터치 스크린을 사용합니다.,N
GW86,T2175,노키아 9 PureView는 1 년 전에 처음 출시되었습니다.,C
GW28,T2175,Nokia 9 PureView는 앞과 뒤에 카메라가있는 스마트 폰입니다.,E
GW28,T2175,노키아 9 PureView는 1000 달러 이상에 판매됩니다.,N
GW28,T2175,Nokia 9 PureView는 확장 가능한 안테나가있는 플립 폰입니다.,C
GW106,T2175,Nokia 9 Pureview에는 6 인치 미만의 디스플레이가 있습니다.,E
GW106,T2175,Foxconn은 Nokia 9 Pureview와 그의 전임자 인 Nokia 8 Sirocco를 모두 생산했습니다.,N
GW106,T2175,Nokia 9 PureView는 안드로이드 Oreo 플랫폼에서 기본적으로 실행됩니다.,C
GW28,T2176,Nowruz는 중동과 아시아의 일부 지역에서 새해 휴가입니다.,E
GW28,T2176,Nowruz는 공중에서 총을 쏘는 것으로 축하됩니다.,N
GW28,T2176,Nowruz는 매년 다른 날짜에 착륙합니다.,C
GW74,T2176,Nowruz는 2018 년과 2019 년에 같은 날짜에 떨어집니다.,E
GW74,T2176,이라크에서는 이스라엘보다 노우루즈를 축하하는 사람들이 더 많다.,N
GW74,T2176,Nowruz는 2019 년과 2021 년에 주말에 있습니다.,C
GW86,T2176,Nowruz는 20 개국 이상에서 축하됩니다.,E
GW86,T2176,Nowruz는 보통 3 월 20 일에 떨어집니다.,N
GW86,T2176,Nowruz는 종교적인 휴일입니다.,C
GW28,T2177,NWFB Route 8는 1시간 이내에 완료되는 버스 경로입니다.,E
GW28,T2177,NWFB Route 8는 섬 주위의 회로 경로를 여행합니다.,N
GW28,T2177,NWFB Route 8에 대한 대기 시간은 30km 경로로 인해 30 분입니다.,C
GW60,T2177,NWFB Route 8에는 하나의 대체 경로가 있습니다.,E
GW60,T2177,NWFB Route 8은 북쪽에서 남쪽으로 흘러간다.,N
GW60,T2177,New World First 버스는 또한 MTR Island Line을 운영합니다.,C
GW12,T2177,NWFB Route 8은 Heng Fa Chuen에서 시작하고 Wan Chai North에서 끝납니다.,E
GW12,T2177,NWFB 루트 8에는 MTR 섬 라인과 NWFB 루트 N8이라는 두 개의 경쟁자가 있습니다.,N
GW12,T2177,NWFB Route 8는 Wan Chai North로 가는 유일한 경로입니다.,C
GW86,T2178,obsessive-compulsive disorder는 죽음으로 이어질 수 있습니다.,E
GW86,T2178,obsessive-compulsive disorder는 약물 치료가 필요합니다.,N
GW86,T2178,obsessive-compulsive disorder에는 명확한 원인이 있습니다.,C
GW28,T2178,집착 강박 장애는 수년간의 학대 후에 일반적으로 젊은 성인에게 나타나는 정신 질환입니다.,E
GW28,T2178,obsessive-compulsive disorder는 쉽게 치료할 수 있는 상태입니다.,N
GW28,T2178,obsessive-compulsive disorder는 기름과 냄새로 치료할 수 있습니다.,C
GW52,T2178,OCD는 인구의 2% 이상에서 발생합니다.,E
GW52,T2178,OCD의 시작은 크게 다를 수 있습니다.,N
GW52,T2178,OCD의 원인은 알려져 있습니다.,C
GW60,T2179,2019 축제는 2018 축제보다 1 년 후에 발생합니다.,E
GW60,T2179,Chingham 는 60 일 길이입니다.,N
GW60,T2179,축제는 매년 다른 수의 날입니다.,C
GW74,T2179,"Onam, Thiruvonam는 2018년과 2019년의 다른 달에 발생합니다.",E
GW74,T2179,"All Hindus participate in Tug of War in observing Onam, Thiruvonam (모든 힌두교인들은 Onam, Thiruvonam를 관찰함으로써 전쟁의 수그에 참여한다.)",N
GW74,T2179,"Onam, Thiruvonam은 2018 년 2019 년 주 같은 날에 시작하고 끝납니다.",C
GW28,T2179,"Onam, Thiruvonam는 매년 다른 날짜에 떨어지는 힌두교 종교 축제입니다.",E
GW28,T2179,"Onam, Thiruvonam는 인도에서만 힌두교인들에 의해 축하됩니다.",N
GW28,T2179,"Onam, Thiruvonam는 파키스탄 사람들이 축하하는 축제입니다.",C
GW52,T2180,"오레곤, 캘리포니아 및 동부 철도(Oregon, California and Eastern Railway)는 60마일 이상 길다.",E
GW52,T2180,"오레곤, 캘리포니아 및 동부 철도는 하루 종일 운행됩니다.",N
GW52,T2180,"오레곤, 캘리포니아 및 동부 철도는 오레곤 전역에서 이루어집니다.",C
GW28,T2180,"오레곤, 캘리포니아 및 동부 철도는 여러 역을 제공합니다.",E
GW28,T2180,"오레곤, 캘리포니아 및 동부 철도는 그 존재의 매년 수익성이있었습니다.",N
GW28,T2180,"오레곤, 캘리포니아 및 동부 철도는 미국의 동부 해안으로 서비스를 확장합니다.",C
GW86,T2180,"오레곤, 캘리포니아 및 동부 철도는 때때로 다른 이름으로 알려져 있습니다.",E
GW86,T2180,"오레곤, 캘리포니아 및 동부 철도(Oregon, California and Eastern Railway)는 현재 운영 중이다.",N
GW86,T2180,"오레곤, 캘리포니아 및 동부 철도 (Oregon, California and Eastern Railway)는 70마일 이상 길다.",C
GW28,T2181,산소는 무색의 가스이다.,E
GW28,T2181,‘산소’는 오존층의 일부이다.,N
GW28,T2181,산소는 그 특성을 연구 한 과학자에 의해 명명되었습니다.,C
GW12,T2181,산소는 8의 원자 번호를 가진 가스입니다.,E
GW12,T2181,Antoine Lavoisier는 1777년에 산소를 가스라고 불렀다.,N
GW12,T2181,산소의 끓는 지점과 녹는 지점은 정확히 동일합니다.,C
GW1,T2181,산소는 18 세기에 이름을 붙였다.,E
GW1,T2181,산소는 이름을 붙인 동시에 발견되었습니다.,N
GW1,T2181,산소는 밀도 (STP에서) 1 g/L 미만입니다.,C
GW74,T2182,파다 익스프레스의 위치보다 더 많은 직원들이 있습니다.,E
GW74,T2182,Andrew Cherng은 원래 캘리포니아 주 Glendale 출신입니다.,N
GW74,T2182,Panda Express는 그것이 설립 된 동일한 도시에 본사를두고 있습니다.,C
GW60,T2182,파다 익스프레스는 유럽에서 활동하지 않습니다.,E
GW60,T2182,Panda Express는 Panda Restaurant Group의 유일한 자회사입니다.,N
GW60,T2182,파다 익스프레스는 그것이 설립 된 동일한 도시에 본사를두고 있습니다.,C
GW28,T2182,파다 익스프레스는 전 세계에 수천 개의 위치를 보유하고 있습니다.,E
GW28,T2182,파다 익스프레스는 설립 이후 매년 수익성이있다.,N
GW28,T2182,Panda Express는 유럽에서 설립되었으며 유럽 전역에 위치하고 있습니다.,C
GW4,T2183,파킨슨병은 약으로 치료할 수 있습니다.,E
GW4,T2183,파킨슨병은 항상 사람들의 흔들림으로 이어집니다.,N
GW4,T2183,파킨슨병을 가진 사람은 평범한 삶을 살 것입니다.,C
GW3,T2183,"흔들림, 부드러움, 움직임의 느림 및 걷기 어려움과 같은 파킨슨 병의 증상은 도파민 아고니스트로 치료됩니다.",E
GW3,T2183,치매는 항상 파킨슨 병의 합병증입니다.,N
GW3,T2183,파킨슨병은 정신 질환,C
GW52,T2183,파킨슨병은 매년 6 백만 명이 넘는 사람들에게 영향을줍니다.,E
GW52,T2183,파킨슨은 모든 나이에 발생할 수 있습니다.,N
GW52,T2183,파킨슨 환자들은 더 짧은 삶을 살지 못한다.,C
GW12,T2184,Paryushana는 Jains가 관찰하는 축제입니다.,E
GW12,T2184,Paryushana를 관찰하는 것은 제인 성전에 가서 금식하는 것을 포함합니다.,N
GW12,T2184,Paryushana는 또한 Das Lakshana 및 Samvatsari라고합니다.,C
GW52,T2184,Paryushana는 금식을 통해 관찰되는 축제입니다.,E
GW52,T2184,“Paryushana”는 힌두교인들에 의해 관찰됩니다.,N
GW52,T2184,Paryushana는 모든 축제에 대해 동일한 시간을 가지고 있습니다.,C
GW19,T2184,Paryushana는 종교적 의미를 지닌 Jains에 의해 관찰되는 휴일입니다.,E
GW19,T2184,Paryushana는 제인 신앙의 구성원들에게 가장 거룩한 날입니다.,N
GW19,T2184,Paryushana는 인도 서부 대륙 전체에서 관찰되는 국립 휴일입니다.,C
GW52,T2185,20세기에 개장된 Pau-Cranfranc 철도,E
GW52,T2185,철도는 개장 이후 개조되지 않았다.,N
GW52,T2185,철도는 1928 년에 처음 열렸을 때부터 열려있다.,C
GW28,T2185,Pau-Canfranc 철도는 개통 이후 중단되지 않았습니다.,E
GW28,T2185,Pau-Canfranc 철도는 여러 유럽 국가를 통과합니다.,N
GW28,T2185,Pau-Canfranc 철도는 개장 이래로 지속적으로 운영되고 있습니다.,C
GW60,T2185,Pau-Canfranc 철도는 개장 된 같은 해에 전기화되었습니다.,E
GW60,T2185,TER Aquitaine은 전체 존재 동안 철도 운영자였습니다.,N
GW60,T2185,철도는 1928 년 이래로 열려있는 것보다 더 많은 년을 닫았습니다.,C
GW1,T2186,2018 년에는 Pentecost이 봄에있었습니다.,E
GW1,T2186,Pentecost는 Whitsunday First로 알려져 있었다.,N
GW1,T2186,2020 년에는 Pentecost가 가을에있을 것입니다.,C
GW74,T2186,Pentecost일은 2018 년보다 2020 년보다 서양에서 11 일 늦습니다.,E
GW74,T2186,동양 정교회는 거룩한 공통을 관찰합니다,N
GW74,T2186,Pentecost는 2019 년 유월절과 2020 년 같은 날짜에 떨어집니다.,C
GW106,T2186,Pentacost는 매년 봄에 발생합니다.,E
GW106,T2186,Pentacost는 보통 6 월 중에 떨어집니다.,N
GW106,T2186,일부 유대인 종교는 Whitsunday를 지키고 있습니다.,C
GW28,T2187,완벽한 바이에시아 균형은 바이에시아 나쉬 균형과 관련이 있다.,E
GW28,T2187,완벽한 바이에시아 균형은 게임 이론을 설명하는 데 사용되는 개념입니다.,N
GW28,T2187,Perfect Bayesian Equilibrium는 게임과 관련이 없거나 관련이 없습니다.,C
GW19,T2187,완벽한 바이에시아 균형은 바이에시아 나쉬 균형이 아닌,E
GW19,T2187,Cho와 Kreps는 완벽한 Bayesian equilibirum의 개념을 제안하기 전에 수년간 함께 일했습니다.,N
GW19,T2187,Perfect Bayesian equilibirium은 균형 빔에 금메달을 획득하는 기술적인 이름입니다.,C
GW52,T2187,완벽한 비에시아 균형은 일종의 게임이다.,E
GW52,T2187,완벽한 베이에시아 균형은 많은 코딩에서 사용됩니다.,N
GW52,T2187,완벽한 베이에스 균형은 안정적인 체계입니다.,C
GW106,T2188,PCAT 시험은 단지 3 시간 반 미만으로 제한됩니다.,E
GW106,T2188,400 점수는 PCAT 시험에서 통과하는 점수로 간주됩니다.,N
GW106,T2188,PCAT 점수는 미국과 캐나다 전역의 많은 의료 학교 입학 보드에 의해 사용됩니다.,C
GW52,T2188,PCAT는 1970 년대에 처음으로 관리되었습니다.,E
GW52,T2188,PCAT의 수수료는 역사를 통해 동일하게 유지되었습니다.,N
GW52,T2188,PCAT에는 부정적인 점수 측정이 있습니다.,C
GW89,T2188,PCAT는 약국 대학에가는 학생들을위한 입학 목적으로 사용됩니다.,E
GW89,T2188,시험료는 캐나다 학생들에게 더 저렴합니다.,N
GW89,T2188,PCAT는 1970년에 도입되었다.,C
GW52,T2189,‘포인카레 추측’이 증명되기까지는 100년이 걸렸다.,E
GW52,T2189,Poincaré 추측은 다른 추측과 공통된 개념을 공유합니다.,N
GW52,T2189,포인카레 추측은 19 세기에 처음으로 구현되었습니다.,C
GW28,T2189,Poincaré 추측은 Henri Poincare의 이름을 따서 명명되었습니다.,E
GW28,T2189,Poincaré 추측은 해결되지 않은 수학 문제,N
GW28,T2189,‘포인카레 추측’은 2006년에 해결되었다.,C
GW25,T2189,Poincaré 추측은 구체 공간 형식 추측과 동등한 지오메트릭 토폴로그의 필드이다.,E
GW25,T2189,"Poincaré 추측은 Henri Poincaré에 의해 추측되었으며, 이는 기하학 토폴로그의 분야를 설립했습니다.",N
GW25,T2189,Poincaré 추측은 지오메트릭 토폴로그의 분야에 있으며 Zeeman 추측과 동등합니다.,C
GW52,T2190,폴리오는 매년 200 명 미만에 영향을 미칩니다.,E
GW52,T2190,‘폴리오’는 거의 없어졌다.,N
GW52,T2190,폴리오는 증상을 나타내는 데 몇 주가 걸립니다.,C
GW28,T2190,폴리오는 예방할 수 있고 치료할 수있는 전염병입니다.,E
GW28,T2190,‘폴리오’ 백신은 비싼 치료법이다.,N
GW28,T2190,폴리오는 20 세기 이후에 제거되었습니다.,C
GW74,T2190,2018년에는 136명이 근육의 약점을 경험했으며 움직일 수 없게 되었다.,E
GW74,T2190,2016년 폴리오 바이러스가 136명의 배설물에서 발견됐다.,N
GW74,T2190,몇 분 후에 세트를 움직일 수없는 결과 근육의 약점,C
GW105,T2191,Potassium는 은색 회색처럼 보이는 경향이 있습니다.,E
GW105,T2191,Potassium는 100 가지 다른 용도로 사용됩니다.,N
GW105,T2191,Potassium는 실험실에서 만들어집니다.,C
GW12,T2191,Potassium은 은색 회색 모양과 19의 원자 번호를 가지고 있습니다.,E
GW12,T2191,햄프리 데이비 (Humphry Davy)는 1800 년대 초에 처음으로 칼륨을 발견했습니다.,N
GW12,T2191,Mohs 경도와 Brinell 경도는 동일한 값입니다.,C
GW52,T2191,Potassium는 발견 된 최초의 20 개 원소 중 하나였습니다.,E
GW52,T2191,Potassium는 오늘날 많은 음식에서 발견됩니다.,N
GW52,T2191,Potassium는 18 세기에 처음 발견되었습니다.,C
GW86,T2192,‘심리학자’는 의학 전문가들이다.,E
GW86,T2192,‘심리학자’는 의사들이다.,N
GW86,T2192,현재 정신과 의사들은 외계인이라고도 불린다.,C
GW60,T2192,정신과 의사는 또한 의료 전문가입니다.,E
GW60,T2192,"정신과 의사는 MD, MBBS 및 DO를 모두 가져야합니다.",N
GW60,T2192,정신과 의사는 의학 훈련을 필요로하지 않습니다.,C
GW28,T2192,심리학자는 높은 수준의 교육과 긍정적 인 특성을 필요로합니다.,E
GW28,T2192,심리학자는 자신의 실습을 열어주는 경향이 있습니다.,N
GW28,T2192,‘심리학자’는 의사들이 아니다.,C
GW52,T2193,M8s는 작년에 오픈했습니다.,E
GW52,T2193,M8s는 1 년 만에 만들어졌습니다.,N
GW52,T2193,M8s는 60mph를 초과합니다.,C
GW19,T2193,상하이의 대중 교통 시스템의 일부 인 Pujiang 라인은 10 개 미만의 역을 가지고 있습니다.,E
GW19,T2193,상하이의 대중 교통 지하철 시스템은 완전히 지상 위에 있습니다.,N
GW19,T2193,지난 20년간의 경제 성장에도 불구하고 중국은 주요 도시에 대중 교통 시스템을 구축하지 못했다.,C
GW28,T2193,Pujiang 라인은 상하이에 위치한 대중 교통 지하철입니다.,E
GW28,T2193,Pujiang 라인은 상하이 지하철 시스템의 최신 라인입니다.,N
GW28,T2193,Pujiang 라인은 국내에서 만든 기차와 함께 작동합니다.,C
GW52,T2194,"매년 17,000 명이 넘는 사망자를 일으키는 ‘마비’입니다.",E
GW52,T2194,현재 ‘마비’는 치료가 없습니다.,N
GW52,T2194,치매 진단은 죽음을 보장합니다.,C
GW4,T2194,리비는 일반적으로 그것을 얻는 동물을 죽이는 것으로 끝납니다.,E
GW4,T2194,미친사람들은 사람들의 입에 을 수 있습니다.,N
GW4,T2194,리비는 한 번의 샷으로 치유 될 수 있습니다.,C
GW28,T2194,마비는 치료할 수있는 전염병이지만 종종 치명적입니다.,E
GW28,T2194,‘미친’은 인간 사이에서도 전염될 수 있다.,N
GW28,T2194,비염은 장님과 설사로 이어집니다.,C
GW60,T2195,2018 Raksha Bandhan은 2019 Raksha Bandhan보다 올해 나중에 발생했습니다.,E
GW60,T2195,Bhai Duj는 Raksha Bandhan과 같은 날짜에 발생합니다.,N
GW60,T2195,Rakri는 Bhai Tika와 관련이 없습니다.,C
GW52,T2195,Raksha Bandhan은 전체적인 휴일입니다.,E
GW52,T2195,‘라크샤 밴담’은 항상 8월에 일어난다.,N
GW52,T2195,Raksha Bandhan는 아시아 전체에서 관찰됩니다.,C
GW4,T2195,Raksha Bandhan은 항상 일년의 8 번째 에 발생합니다.,E
GW4,T2195,Raksha Bandhan는 일반적으로 인도에서 축하됩니다.,N
GW4,T2195,Raksha Bandhan은 매년 동일한 날짜에 개최됩니다.,C
GW95,T2196,라마단은 매년 한 달간 지속됩니다.,E
GW95,T2196,무슬림들은 매일 금식하기 전에 성경을 읽습니다.,N
GW95,T2196,라마단은 겨울에 일어난다.,C
GW28,T2196,라마단은 국가에 따라 매년 다른 날에 떨어지는 무슬림의 휴일입니다.,E
GW28,T2196,라마단은 무슬림들에게 가장 거룩한 축제입니다.,N
GW28,T2196,라마단은 매년 하루에 한 번씩 축하를 한다.,C
GW52,T2196,라마단은 매년 일어나는 일입니다.,E
GW52,T2196,라마단의 규칙은 그것을 실천하는 모든 사람에게 동일합니다.,N
GW52,T2196,라마단은 모든 사람에게 동시에 일어난다.,C
GW1,T2197,‘라마 나바미’는 일년에 한 번씩 일어난다.,E
GW1,T2197,라마 나바미는 항상 봄에 있었다.,N
GW1,T2197,‘라마 나바미’는 가을에 일어난다.,C
GW52,T2197,‘라마 나바미’는 일년에 한 번씩 일어난다.,E
GW52,T2197,라마 나바미는 모든 힌두교 문화에 의해 실행됩니다.,N
GW52,T2197,‘라마 나바미’는 매년 같은 날에 일어난다.,C
GW19,T2197,힌두교인들은 Chaitra Navrati의 결론에서 Rama의 탄생을 축하합니다.,E
GW19,T2197,Chaitra Navrati는 힌두교인들에게 가장 거룩한 날 중 하나입니다.,N
GW19,T2197,Chaitra Navrati는 힌두교와 부디교에 의해 관찰되는 한 달간의 축제입니다.,C
GW86,T2198,E 라인버스는 하루 대부분을 운영합니다.,E
GW86,T2198,주말에 E 라인 운전량은 주말에 운전량보다 적습니다.,N
GW86,T2198,E 라인은 하루 24 시간 운영됩니다.,C
GW52,T2198,E 라인은 5 년 전에 만들어졌습니다.,E
GW52,T2198,E 라인은 새로 추가된 버스 라인 중 하나입니다.,N
GW52,T2198,E 라인은 24 시간 일정으로 운영됩니다.,C
GW106,T2198,Aurora Village Transit Center는 워싱턴 주 킹 카운티에 위치해 있습니다.,E
GW106,T2198,E 라인은 그 이전의 Route 358X보다 더 많은 운영 시간을 보유하고 있습니다.,N
GW106,T2198,E 라인은 킹 카운티의 단일 도시 내에서 전적으로 운영됩니다.,C
GW12,T2199,Gary Rhodes는 공식적인 레스토랑인 Rhodes W1의 요리사입니다.,E
GW12,T2199,Rhodes W1는 오직 하우트 요리 유형의 식사만을 제공합니다.,N
GW12,T2199,"24시간 오픈, Rhodes W1는 런던, 영국에 위치하고 있습니다.",C
GW52,T2199,W1은 더 이상 비즈니스에 없습니다.,E
GW52,T2199,로즈 W1는 성공적인 사업으로 간주되었습니다.,N
GW52,T2199,W1에는 50 개 이상의 커버가 있습니다.,C
GW74,T2199,Gary Rhodes는 Rhodes W1에서 하우테 요리를 준비합니다.,E
GW74,T2199,Gary Rhodes는 London 영국 출신입니다.,N
GW74,T2199,Gary Rhodes는 대부분 프랑스 요리를 준비합니다.,C
GW52,T2200,REX 리치몬드 고속도로 익스프레스는 5 년 전에 서비스를 시작했습니다.,E
GW52,T2200,REX 리치몬드 하이웨이 익스프레스(REX Richmond Highway Express)는 아직 개조되지 않았다.,N
GW52,T2200,REX 리치몬드 하이웨이 익스프레스는 24 시간 내내 운행됩니다.,C
GW28,T2200,REX 리치몬드 고속도로 익스프레스는 10 년 이상 버지니아에서 서비스하고있다.,E
GW28,T2200,REX 리치몬드 하이웨이 익스프레스는 여행 당 1 달러에 불과합니다.,N
GW28,T2200,REX 리치몬드 하이웨이 익스프레스는 수십 년 동안 여러 주를 제공해 왔습니다.,C
GW74,T2200,REX 리치몬드 고속도로 익스프레스의 시작은 또한 봉사 한 마크 중 하나입니다.,E
GW74,T2200,Eisenhower Avenue 역은 버지니아 주 헌팅턴에 위치해 있습니다.,N
GW74,T2200,REX 리치몬드 고속도로 익스프레스는 토요일 오전 4시 30분부터 30분마다 운행됩니다.,C
GW86,T2201,"리켓은 신체적, 정신적 이상을 모두 일으킬 수 있습니다.",E
GW86,T2201,리켓은 항상 비타민 D의 결핍을 포함합니다.,N
GW86,T2201,"리켓은 북아메리카, 남아메리카, 아시아 및 호주 외부에서 희귀합니다.",C
GW12,T2201,리켓은 보통 어린 시절에 발생하며 비타민 D와 칼슘으로 치료할 수 있습니다.,E
GW12,T2201,리켓은 혈액 검사와 X선으로 진단 할 수 있습니다.,N
GW12,T2201,‘리켓스’는 아프리카에서만 발견되는 질병이다.,C
GW52,T2201,Rickets는 일반적으로 어린이에게서 발생합니다.,E
GW52,T2201,수술은 rickets에 필요하지 않습니다.,N
GW52,T2201,리켓은 대서양 동쪽에서 희귀합니다.,C
GW12,T2202,독일 바이에리아에 위치한 로젠하임 - 살츠부르크 철도는 또한 로젠하임 - 살츠부르크 철도의 본래 이름을 가지고 있습니다.,E
GW12,T2202,로젠하임 - 살츠부르크 철도에는 바이에리아와 살츠부르크 전역에 위치한 13개의 역이 있습니다.,N
GW12,T2202,Deutsche Bahn Austrian Federal Railways는 로젠하임 - 살츠부르크 철도의 소유자이자 운영자입니다.,C
GW63,T2202,로젠하임 - 살츠부르크 철도에서 여전히 10 개 이상의 역이 작동합니다.,E
GW63,T2202,로젠하임-살츠부르크 철도는 시간당 99마일의 속도를 초과한 적이 없다.,N
GW63,T2202,로젠하임 - 살츠부르크 철도에서 90km 길이의 삼각형 경로가 배치됩니다.,C
GW52,T2202,로젠하임-살츠부르크 철도는 시간당 약 100마일의 속도를 달성합니다.,E
GW52,T2202,로젠하임-살츠부르크 철도에는 항상 13개의 역이 있었다.,N
GW52,T2202,로젠하임 - 살츠부르크 철도는 최근 폐쇄되었습니다.,C
GW86,T2203,Samsung Galaxy Note9에는 여러 카메라가 있습니다.,E
GW86,T2203,Samsung Galaxy Note9는 아직 생산 중입니다.,N
GW86,T2203,Samsung Galaxy Note9는 일련의 장치에서 가장 최신 모델입니다.,C
GW52,T2203,Samsung Galaxy Note9는 작년에 처음 출시되었습니다.,E
GW52,T2203,Samsung Galaxy Note9의 제품은 아직 생산 중입니다.,N
GW52,T2203,Samsung Galaxy Note9는 Note 시리즈의 첫 번째였습니다.,C
GW106,T2203,사용자는 Bixby 버튼을 누르거나 S Pen을 사용하여 Galaxy Note 9과 상호 작용할 수 있습니다.,E
GW106,T2203,미국에서 갤럭시 노트 9의 AT&T 변형의 모델 번호는 SM-N960A입니다.,N
GW106,T2203,갤럭시 노트 9는 2018 년 12 월 소프트웨어 업데이트 후 5G 네트워크에서 실행 할 수있는 능력을 얻었습니다.,C
GW52,T2204,샌프란시스코-오클랜드 베이 브리지(San Francisco-Oakland Bay Bridge)는 1930년대에 열렸다.,E
GW52,T2204,샌프란시스코-오클랜드 베이 브릿지는 수년간 개조를 거쳤다.,N
GW52,T2204,샌프란시스코-오클랜드 베이 브리지(San Francisco-Oakland Bay Bridge)는 매일 10만 대 미만의 자동차가 건너고 있다.,C
GW4,T2204,샌프란시스코-오클랜드 베이 브릿지(San Francisco-Oakland Bay Bridge)는 80년이 넘는 역사를 거두고 있다.,E
GW4,T2204,샌프란시스코-오클랜드 베이 브리지(San Francisco-Oakland Bay Bridge)는 항상 같은 비용을 지불했다.,N
GW4,T2204,샌프란시스코-오클랜드 베이 브리지(San Francisco-Oakland Bay Bridge)는 하루에 10만 명만 운전하고 있다.,C
GW86,T2204,샌프란시스코-오클랜드 베이 브릿지 건설은 3년이 넘게 걸렸다.,E
GW86,T2204,샌프란시스코-오클랜드 베이 브릿지의 가장 높은 지점은 14.67 피트입니다.,N
GW86,T2204,샌프란시스코-오클랜드 베이 브릿지의 동쪽 부분의 총 길이는 서쪽 전체 길이보다 크다.,C
GW74,T2205,SAT은 영어로 전 세계적으로 제공됩니다.,E
GW74,T2205,캐나다에서 SAT 60 달러,N
GW74,T2205,수학에서 900 점수를 얻을 수 있습니다.,C
GW4,T2205,“SAT”는 종이에 직접 가져옵니다.,E
GW4,T2205,SAT은 시대에 수백만 달러를 가져옵니다.,N
GW4,T2205,‘SAT’는 1950년대에 발명되었다.,C
GW28,T2205,SAT는 미국 학부 프로그램에 입학하는 데 사용되는 표준화 된 시험입니다.,E
GW28,T2205,SAT는 전 세계 학생들이 수행하는 안전하고 속임수 방지 테스트입니다.,N
GW28,T2205,SAT는 여러 언어로 제공되는 다일 테스트입니다.,C
GW28,T2206,스키소아프레시티브 장애는 치료할 수있는 정신 질환,E
GW28,T2206,“스키소아프리티브 장애”는 주로 여성에게 영향을 미칩니다.,N
GW28,T2206,스키소아프리티브 장애는 환경 요인으로 인해 발생합니다.,C
GW106,T2206,약물 사용은 환각과 환각과 같은 정신 분열 장애 증상을 증가시키는 것으로 알려진 한 가지 요소입니다.,E
GW106,T2206,우울한 유형의 정신 분열 장애를 가진 사람들의 자살률은 양극성 유형으로 고통받는 사람들보다 낮습니다.,N
GW106,T2206,마약 사용 중단은 정신 분열 장애를 치료할 수 있습니다.,C
GW19,T2206,현대 의학의 발전에도 불구하고 정신과 의사는 정신 분열증의 정확한 원인을 식별 할 수 없었습니다.,E
GW19,T2206,기분 안정제는 항심제보다 양극성 장애를 치료하는 데 더 효과적입니다.,N
GW19,T2206,현대 의학의 발전은 정신과 의사가 행동 수정으로 정신 분열증을 치료할 수있게 해주었습니다.,C
GW86,T2207,“스키소프레니아”는 죽음으로 이어질 수 있습니다.,E
GW86,T2207,스키소프레니아는 때때로 30 세 이상의 개인에서 발생합니다.,N
GW86,T2207,“스키소프레니아”는 급성 상태입니다.,C
GW106,T2207,자폐증과 장애증은 많은 동일한 증상을 공유합니다.,E
GW106,T2207,정신 분열증을 앓고있는 사람들은 동시에 심장 질환으로 고통받는 경우 평균 수명보다 짧습니다.,N
GW106,T2207,대부분의 정신 분열증 환자는 일자리를 잡을 수 없습니다.,C
GW52,T2207,"“스키소프레니아”는 매년 15,000명 이상의 사망자가 발생합니다.",E
GW52,T2207,스키소프레니아는 모든 나이에 발생할 수 있습니다.,N
GW52,T2207,스키소프레니아는 짧은 수명과 함께 오지 않습니다.,C
GW60,T2208,"SQA는 직원당 약 11,333 파운드의 예산을 보유하고 있습니다.",E
GW60,T2208,데이브 미들턴은 글래스고에서 사랑한다.,N
GW60,T2208,데이비드 미들턴은 직장에서 영어를 말하지 않는다.,C
GW12,T2208,SQA에 대한 정보는 www.sqa.org.uk에서 찾을 수 있습니다.,E
GW12,T2208,스코틀랜드에 위치한 스코틀랜드 자격 기관은 750 명의 직원을 보유하고 있습니다.,N
GW12,T2208,데이비드 미들턴 (David Middleton)은 스코틀랜드 자격청 (Scottish Qualifications Authority)의 회장이다.,C
GW52,T2208,스코틀랜드 자격 기관은 10 백만 달러를 초과하는 예산을 가지고 있습니다.,E
GW52,T2208,SQA는 소규모 사업으로 간주 될 수 있습니다.,N
GW52,T2208,SQA의 HQ는 영국에 있습니다.,C
GW52,T2209,서울 지하철 3호선은 30년 전 개통됐다.,E
GW52,T2209,서울 지하철 3호선은 개조된 적이 없다.,N
GW52,T2209,세울 지하철 라인 3은 모든 경로에 대해 동일한 경로 길이를 가지고 있습니다.,C
GW74,T2209,8 개의 트랙보다 Korail 역이 더 많습니다.,E
GW74,T2209,서울 지하철 3호선이 1985년에 개장했을 때 44개 역이 있었다.,N
GW74,T2209,트랙의 숫자보다 Termini이 더 많습니다.,C
GW12,T2209,서울 지하철 3호선의 본명은 샘 호세온(Sam Hoseon).,E
GW12,T2209,세울 지하철 라인 3는 3 개의 역이있는 빠른 교통 지하철 시스템입니다.,N
GW12,T2209,서울 지하철 3호선은 1985년 겨울에 개장했다.,C
GW52,T2210,Settle-Carlisle 선은 1870년대에 열렸다.,E
GW52,T2210,Settle-Carlisle 선은 수년 동안 사용에 떨어졌습니다.,N
GW52,T2210,Settle-Carlisle 선의 길이는 100 마일입니다.,C
GW12,T2210,Settle-Carlisle 선은 국립 철도 시스템의 주요 선입니다.,E
GW12,T2210,영국 북서부는 Settle-Carlisle 라인의 유일한 지역이다.,N
GW12,T2210,네트워크 철도와 네빌 힐은 Settle-Carlisle 선의 소유자입니다.,C
GW25,T2210,Settle-Carlisle 라인은 영국 북부에 위치한 10개의 역을 가지고 있습니다.,E
GW25,T2210,Settle-Carlisle 라인은 열차가 많이 운행되는 라인입니다.,N
GW25,T2210,Settle-Carlisle는 Northern Rail의 소유이며 5개의 서비스를 제공합니다.,C
GW105,T2211,노인들은 Shingles에 대한 위험이 더 니다.,E
GW105,T2211,Shingles는 3 주 동안 지속됩니다.,N
GW105,T2211,Shingles는 혈액 검사를 통해 진단 할 수 있습니다.,C
GW52,T2211,Shingles는 삶의 어느 시점에서 3 명 중 1 명에게 영향을줍니다.,E
GW52,T2211,Shingles는 공통적인 시작 나이를 가지고 있습니다.,N
GW52,T2211,Shingles는 정리하는 데 1 개월이 걸립니다.,C
GW25,T2211,Shingles는 백신으로 예방 될 수 있으며 약물로 치료 될 수 있습니다.,E
GW25,T2211,Varicella zoster 바이러스의 발병은 다리에 고통스러운 발진이 나타나는 증상에 기초합니다.,N
GW25,T2211,"Herpes simplex, angina 및 곤충 물린은 닭고기 염증과 관련된 유일한 질병입니다.",C
GW106,T2212,싱가포르 항공 368편의 모든 승객은 부상없이 비행기를 탈출 할 수있었습니다.,E
GW106,T2212,싱가포르항공 368편에서 발생한 비행기 화재는 비행기가 착륙한 후 발생했다.,N
GW106,T2212,싱가포르항공 항공 368편에서 발생한 기름 유출은 말펜사 공항을 떠난 직후에 발생했다.,C
GW52,T2212,SQ368의 사고는 치명적이지 않았다.,E
GW52,T2212,SQ368의 승무원은 흡연을 보고했다.,N
GW52,T2212,SQ368 사고는 1990년대에 일어났다.,C
GW74,T2212,싱가포르항공 항공 368편의 승객보다 승객이 많았다.,E
GW74,T2212,싱가포르 항공은 항상 보잉 777-312ER를 사용합니다.,N
GW74,T2212,사망자보다 부상자가 더 많았다.,C
GW86,T2213,잠 마비는 때때로 절반의 사람들에게서 발생할 것으로 추정됩니다.,E
GW86,T2213,잠 마비는 항상 의학적 치료가 필요합니다.,N
GW86,T2213,잠 마비는 1 시간까지 지속될 수 있습니다.,C
GW52,T2213,잠자리 마비는 아마도 인구의 절반에 영향을 미칩니다.,E
GW52,T2213,잠자리 마비는 시간이 지남에 따라 예측에서 증가하고있다.,N
GW52,T2213,잠자리 마비는 1 시간 동안 지속될 수 있습니다.,C
GW28,T2213,잠 마비는 사람들이 잠들기 전에 또는 후에 모터 기능을 잃는 일시적인 의료 상태입니다.,E
GW28,T2213,잠자리 마비는 대부분 여성에게 영향을 미칩니다.,N
GW28,T2213,잠자리 마비는 며칠 동안 지속될 수 있습니다.,C
GW95,T2214,사회 노동자들은 모두 대학에 갔다.,E
GW95,T2214,대부분의 사회 노동자들은 크루즈에서 일한다.,N
GW95,T2214,당신은 동료 학위를 가지고 있다면 사회 노동자가 될 수 있습니다.,C
GW28,T2214,사회 노동은 학위를 취득 한 후 다양한 역할과 조직에서 일할 수 있습니다.,E
GW28,T2214,사회적 노동은 잘 지불 된 직업입니다.,N
GW28,T2214,사회 노동자는 GED 만으로 일자리를 찾을 수 있습니다.,C
GW52,T2214,사회적 활동은 여러 차원에서 이루어집니다.,E
GW52,T2214,사회적 노동은 20세기 전후부터 증가했다.,N
GW52,T2214,사회적 노동은 육체적 건강에만 관여한다.,C
GW25,T2215,햄프리 데이비 (Humphry Davy)는 처음으로 실버 백색 금속 모양을 가진 나트륨을 발견하고 분리했습니다.,E
GW25,T2215,대부분의 알칼리 금속은 은색 흰색 금속 모양을 가지고 있으며 구별하기가 어렵습니다.,N
GW25,T2215,나트륨은 은색 금속 모양과 치유 자연 발생을 가지고 있습니다.,C
GW4,T2215,나트륨은 흰색과 은색으로 알려져 있습니다.,E
GW4,T2215,나트륨은 물과 상호 작용할 때 폭발합니다.,N
GW4,T2215,‘소다’는 1500년대에 발견되었다.,C
GW52,T2215,‘소다’는 19세기에 처음 발견되었다.,E
GW52,T2215,소다륨은 현재 많은 식품에 사용됩니다.,N
GW52,T2215,“소다륨”은 발견된 최초의 10개의 원소 중 하나였다.,C
GW52,T2216,Xperia X8는 이 10 년 동안 데뷔했습니다.,E
GW52,T2216,Xperia X8은 현재 생산 중입니다.,N
GW52,T2216,Xperia X8에는 1GB의 메모리가 있습니다.,C
GW86,T2216,Sony Ericsson Xperia X8는 저장 용량보다 더 큰 메모리를 가지고 있습니다.,E
GW86,T2216,Sony Ericsson Xperia X8는 16 GB의 제거 가능한 스토리지와 함께 제공됩니다.,N
GW86,T2216,소니 에릭슨 Xperia X8는 10 년 이상 사용할 수 있습니다.,C
GW1,T2216,소니 에릭슨 Xperia X8는 2010 년 여름에 출시되었습니다.,E
GW1,T2216,Sony Ericsson Xperia X8는 Sony Ericsson Xperia X10 Mini보다 더 나은 오디오를 가지고 있습니다.,N
GW1,T2216,소니 에릭슨 Xperia X8의 무게는 4 파운드 이상입니다.,C
GW74,T2217,SSC CGL은 인도 정부 기관에서 일자리를 확보하도록 설계되었습니다.,E
GW74,T2217,SSC CGL은 인도에서 매년 같은 시간에 제공됩니다.,N
GW74,T2217,SSC CGL은 19세기에 인도에서 시작되었습니다.,C
GW4,T2217,SSC 결합 대학원 수준 시험은 누군가가 먼저 대학에 가야합니다.,E
GW4,T2217,SSC 결합 대학원 수준 시험은 인도에 많은 돈을 벌고 있습니다.,N
GW4,T2217,SSC 결합 대학원 수준 시험은 50 년 이상 연습되어 왔습니다.,C
GW52,T2217,SSC CGL은 1970 년대에 시작되었습니다.,E
GW52,T2217,SSC CGL은 인도 외부에서 제공되었습니다.,N
GW52,T2217,SSC CGL은 모든 테스트 사용자에게 무료입니다.,C
GW52,T2218,Subgame Perfect Equilibrium는 게임에 사용됩니다.,E
GW52,T2218,Subgame Perfect Equilibrium는 최근의 기술 조각입니다.,N
GW52,T2218,Subgame Perfect Equilibrium는 진화적으로 다양한 전략과 교차합니다.,C
GW28,T2218,Subgame Perfect Equilibrium는 게임에서 사용되는 전략입니다.,E
GW28,T2218,Subgame Perfect Equilibrium는 하버드 경제학자에 의해 만들어졌습니다.,N
GW28,T2218,Subgame Perfect Equilibrium는 독립적 인 개념입니다.,C
GW12,T2218,광범위한 형태 게임에 사용되는 Ultimatum 게임은 Subgame Perfect Equilibrium의 예입니다.,E
GW12,T2218,Subgame Perfect Equilibrium는 나쉬 균형과 교차합니다.,N
GW12,T2218,Subgame Perfect Equilibrium는 Reinhard Selten보다 더 많은 사람들이 제안했습니다.,C
GW106,T2219,"2003년 여름, 수단항공 139편이 추락했다.",E
GW106,T2219,비행기 139에 탑승한 승객 중 대부분은 수단 시민이었다.,N
GW106,T2219,항공편(Flight 139)의 승무원과 승객 중 50퍼센트 이상이 카르투움 국제공항에서 몇 마일 이내에 구조됐다.,C
GW74,T2219,승무원과 승객 117명,E
GW74,T2219,Sudan Airways는 보잉 737-200C만 사용했습니다.,N
GW74,T2219,승객보다 사망자가 적습니다.,C
GW12,T2219,2003년 7월 8일 사우디아라비아 항공편(Sudan Airways Flight 139)이 카르투움 국제공항으로 날아갔다.,E
GW12,T2219,‘소단항공 139편’은 하얀 나일(White Nile)이라고 불리는 보잉 항공기였다.,N
GW12,T2219,사우디아라비아 항공편(Sudan Airways Flight 139) 추락사고로 117명의 승객과 106명의 사망자가 발생했다.,C
GW105,T2220,수시 미즈타니 레스토랑(Sushi Mizutani Restaurant)은 11년 만에 시작되었습니다.,E
GW105,T2220,Hachiro Mizutani는 개인적으로 손님을 환영합니다.,N
GW105,T2220,큰 그룹은 그냥 먹기 위해 나타날 수 있습니다.,C
GW1,T2220,Sushi Mizutani 레스토랑은 2016 년 가을에 폐쇄되었습니다.,E
GW1,T2220,예약은 Sushi Mizutani 레스토랑에서 얻기 어렵습니다.,N
GW1,T2220,Sushi Mizutani 레스토랑은 2005 년 여름에 개장했습니다.,C
GW109,T2220,소유자는 드레스 코드를 항상 비즈니스 캐스팅으로 유지했습니다.,E
GW109,T2220,이 레스토랑은 그 기간 동안 가장 가치가 있습니다.,N
GW109,T2220,음식 유형은 잘 준비해야하는 다른 종류의 음식 인 수시가 아닙니다.,C
GW86,T2221,시크코프는 대개 빠르게 발생하고 짧은 시간 동안 지속됩니다.,E
GW86,T2221,시크코프는 일반적으로 심장 질환으로 인해 발생합니다.,N
GW86,T2221,Syncope는 인구의 약 5 %에서 발생합니다.,C
GW28,T2221,시크코프는 사람이 사라지게 만드는 뇌에 혈액의 흐름을 감소시키는 의료 상태입니다.,E
GW28,T2221,Syncope는 쉽고 저렴하게 치료할 수 있습니다.,N
GW28,T2221,시크코프는 고통받을 때 하이퍼 인식을 유발합니다.,C
GW52,T2221,Syncope는 인구의 1% 미만에서 발생합니다.,E
GW52,T2221,Syncope의 증상은 모든 경우에 동일합니다.,N
GW52,T2221,“Syncope”는 오랫동안 지속됩니다.,C
GW52,T2222,Tangerine_Microtan_65는 1970 년대에 데뷔했습니다.,E
GW52,T2222,Tangerine_Microtan_65는 오늘날에도 여전히 사용 중입니다.,N
GW52,T2222,Tangerine_Microtan_65에는 100KB 이상의 RAM이 있습니다.,C
GW74,T2222,Tangerine_Microtan_65는 처음 1979 년에 키트 형태로 £ 79.35 비용이 들었습니다.,E
GW74,T2222,Tangerine_Microtan_65는 1979 년 최고의 개인용 컴퓨터였습니다.,N
GW74,T2222,Tangerine_Microtan_65는 처음에 1979 년에 £ 100 비용이었습니다.,C
GW19,T2222,Tangerine Microtan 65 개인용 컴퓨터는 약 40 년 전에 도입되었습니다.,E
GW19,T2222,Tangerine Microtan 65 개인용 컴퓨터는 1979년에 출시되었을 때 기술자들 사이에서 즉각적인 취향이었습니다.,N
GW19,T2222,Tangerine Microtan 65 개인용 컴퓨터는 2014 CES에서 데뷔했습니다.,C
GW4,T2223,교사가 된 사람들은 일반적으로 특별한 교육을 필요로합니다.,E
GW4,T2223,교사가 된 사람들은 항상 학교에서 일합니다.,N
GW4,T2223,교사가 된 사람들은 보통 이전에 공부하지 않은 과목을 가르칩니다.,C
GW12,T2223,교사는 학교에서 일어나는 직업이다.,E
GW12,T2223,교사는 계획과 리더십에 대한 능력이 있어야합니다.,N
GW12,T2223,심리학은 학교 교사에게 필요한 유일한 능력입니다.,C
GW86,T2223,교사는 전문가로 간주됩니다.,E
GW86,T2223,한 나라의 교육 인증서는 일반적으로 다른 나라에서 가르칠 수 있습니다.,N
GW86,T2223,교육은 하나의 능력을 의미한다.,C
GW86,T2224,Telmac 1800는 가정용 컴퓨터 모델 시리즈 중 하나였습니다.,E
GW86,T2224,Telmac 1800는 색상 그래픽을 표시 할 수 있습니다.,N
GW86,T2224,Telmac 1800는 플로피 디스크를 사용했습니다.,C
GW52,T2224,Telmac 1800는 40 년 전에 데뷔했습니다.,E
GW52,T2224,Telmac 1800에는 확장 가능한 CPU가 있었다.,N
GW52,T2224,Telmac 1800는 마이크로컴퓨터로 간주되었습니다.,C
GW12,T2224,Telmac 1800는 42 년 전에 출시 된 가정용 컴퓨터였습니다.,E
GW12,T2224,컴퓨터 키트로 간주되는 Telmac 1800은 64 x 32 픽셀 디스플레이 해상도를 가지고있었습니다.,N
GW12,T2224,"2kB의 RAM로, Telmac 1800는 Telmac TMC-600만이 후계자였다.",C
GW52,T2225,‘테베트의 열 번째 날’은 유대인의 사건이다.,E
GW52,T2225,Tevet의 열 번째는 일반적으로 매년 발생합니다.,N
GW52,T2225,"2019 년의 Tevet의 열 번째, 2019 년에 개최됩니다.",C
GW4,T2225,태양이 일어나기 전에 시작되는 Tevets Tenth,E
GW4,T2225,Tevet의 열 번째는 1000 년 이상 연습되어 왔습니다.,N
GW4,T2225,Tevet의 열 번째는 사람들이 평소보다 더 많은 음식을 먹는 곳입니다.,C
GW74,T2225,2019 년과 2020 년 Tenth of Tevet의 날짜는 모두 2020 년에 발생합니다.,E
GW74,T2225,모든 유대인들은 Tenth of Tevet에 금식합니다.,N
GW74,T2225,Tenth of Tevet에 대한 2018 년 날짜와 2020 년 날짜는 다른 달에 발생합니다.,C
GW1,T2226,Terbium는 19 세기에 발견되고 처음으로 고립되었습니다.,E
GW1,T2226,Terbium는 거의 항상 단단한 것입니다.,N
GW1,T2226,Terbium는 색상이 더 어둡습니다.,C
GW4,T2226,테르비움은 150보다 큰 원자 무게를 가지고 있습니다.,E
GW4,T2226,Terbium은 단단한 형태로 발견 될 수 있습니다.,N
GW4,T2226,Terbium은 1900 년대 후반에 설립되었습니다.,C
GW28,T2226,테르비움은 한 사람에 의해 발견되고 고립 된 요소입니다.,E
GW28,T2226,‘테르비움’은 희귀한 원소다.,N
GW28,T2226,Terbium는 그것을 발견 한 사람의 이름을 따서 명명되었습니다.,C
GW106,T2227,대학 신청자는 이전 해에 취한 시험에서 TOEFL 점수를 사용할 수 있습니다.,E
GW106,T2227,TOEFL 시험은 미국의 대부분의 아이비 리그 대학과 대학에서 요구됩니다.,N
GW106,T2227,TOEFL 시험의 수학 부분은 시험의 총 점수의 25 %를 차지합니다.,C
GW19,T2227,표준화 된 외국어로서의 영어 시험 (TOEFL)은 언어 능력을 확립하는 세계적으로 인정되는 방법입니다.,E
GW19,T2227,유엔은 취업 지원자가 TOEFL을 통과해야합니다.,N
GW19,T2227,TOEFL은 동유럽 및 동남아시아 국가에서만 제공됩니다.,C
GW52,T2227,TOEFL은 1960년대에 시작되었다.,E
GW52,T2227,TOEFL은 모든 대륙에서 취득할 수 있습니다.,N
GW52,T2227,TOEFL에는 부정적인 점수가 있습니다.,C
GW12,T2228,Tetanus와 Lockjaw는 같은 질병입니다.,E
GW12,T2228,Lockjaw는 tetanus 백신으로 예방할 수 있습니다.,N
GW12,T2228,"근육 경련, 열 및 두통은 테타노스의 위험 요소입니다.",C
GW105,T2228,Tetanus는 몇 일에서 거의 한 달까지 어디서나 나타날 수있는 전염병입니다.,E
GW105,T2228,대부분의 환자는 15 일 동안 Tetanus를 경험합니다.,N
GW105,T2228,대부분의 시간 tetanus는 매우 치명적입니다.,C
GW19,T2228,2015 년에는 lockjaw에 걸린 사람들의 절반 미만이 질병으로 사망했습니다.,E
GW19,T2228,Lockjaw는 미국에서 제거되었습니다.,N
GW19,T2228,Lockjaw는 치료할 수없는 최종 질병입니다.,C
GW105,T2229,Ledbury 레스토랑은 10 년 전에 열렸습니다.,E
GW105,T2229,Ledbury 레스토랑은 강력한 온라인 존재를 가지고 있습니다.,N
GW105,T2229,Ledbury 레스토랑은 한 번에 수백 명을 수용 할 수 있습니다.,C
GW60,T2229,브레트 그레이엄은 영국 요리의 요리사이다.,E
GW60,T2229,브레트 그레이엄은 런던에 살고 있다.,N
GW60,T2229,브레트 그레이엄은 Ledbury 레스토랑에서 20년간 셰프로 일해 왔습니다.,C
GW1,T2229,레드버리 레스토랑은 21세기의 1세기에 개장했습니다.,E
GW1,T2229,Brett Graham은 Ledbury 레스토랑의 원래 요리사였습니다.,N
GW1,T2229,Ledbury 레스토랑은 60명 이상을 수용할 수 있습니다.,C
GW19,T2230,워싱턴 주의 가벼운 기차역 인 Tukwila International Boulevard Station은 10 년 이상 오픈 해 왔습니다.,E
GW19,T2230,Tukwila International Boulevard Station은 시애틀 중심부로 여행하는 승객들에게 인기있는 역입니다.,N
GW19,T2230,Tukwila International Boulevard Station은 국가의 수도에서 인기있는 역입니다.,C
GW86,T2230,Tukwila International Boulevard 역에는 트랙만큼 많은 측면 플랫폼이 있습니다.,E
GW86,T2230,Tukwila International Boulevard 역에는 휠체어 램프가 있습니다.,N
GW86,T2230,Tukwila International Boulevard 역은 10 년 전에 개장되었습니다.,C
GW28,T2230,Tukwila International Boulevard Station (Link Light Rail Station)는 워싱턴 주에 위치한 미국 대중 교통 역입니다.,E
GW28,T2230,Tukwila International Boulevard Station (Link Light Rail Station)은 현금 및 디지털 지불을 허용합니다.,N
GW28,T2230,Tukwila International Boulevard Station (Link Light Rail Station)에는 2개의 지역 트랙과 함께 엑스프스 트랙이 있습니다.,C
GW1,T2231,Type 1 당뇨병은 여러 가지 증상을 가지고 있습니다.,E
GW1,T2231,Type 1 당뇨병은 원래 청소년 당뇨병이라고 불렸다.,N
GW1,T2231,Type 1 당뇨병에 대한 치료 방법은 단 하나뿐입니다.,C
GW28,T2231,“1형 당뇨병”은 치료할 수 있지만 예방할 수 없습니다.,E
GW28,T2231,Type 1 당뇨병은 남성보다 더 많은 여성에게 영향을 미칩니다.,N
GW28,T2231,Type 1 당뇨병의 원인은 신비하고 치료할 수없는 것입니다.,C
GW74,T2231,원인보다 위험 요인이 더 많다.,E
GW74,T2231,질병은 자주 소변을 일으킨다.,N
GW74,T2231,일반적인 시작과 지속 시간은 동일한 시간입니다.,C
GW12,T2232,비인슐린 의존성 당뇨병 (NIDDM)은 Type 2 당뇨병에 대한 또 다른 이름입니다.,E
GW12,T2232,2 형 당뇨병은 어린 시절에 발생하는 장기적인 질병입니다.,N
GW12,T2232,Type 2 당뇨병을 가진 사람들은 평균 사람보다 10 년 더 오래 살 수 있습니다.,C
GW28,T2232,Type 2 당뇨병은 주로 노인들에게 영향을 미치는 치료 가능한 질병입니다.,E
GW28,T2232,“2형 당뇨병”은 과도한 설탕 섭취로 인해 발생합니다.,N
GW28,T2232,2 형 당뇨병은 약물로 치료할 수 있습니다.,C
GW52,T2232,제 2 형 당뇨병은 평범한 성인보다 짧은 수명입니다.,E
GW52,T2232,유형 2 당뇨병은 가장 흔한 유형의 당뇨병입니다.,N
GW52,T2232,제 2 형 당뇨병은 수면 연구를 통해 진단됩니다.,C
GW60,T2233,최대 0.5 %의 사람들은 종양성 콜리염을 진단하기 위해 조직 생검과 함께 콜로노스코피가 필요합니다.,E
GW60,T2233,Crohn의 질병보다 Ulcerative colitis에서 더 많은 사람들이 사망합니다.,N
GW60,T2233,십대는 궤양성 콜리염을 앓을 수 없습니다.,C
GW52,T2233,"Crohns와 연관된 Ulcerative Colitis는 매년 47,000 명이 넘는 사망을 초래합니다.",E
GW52,T2233,Ulcerative colitis에는 예방 방법이 없습니다.,N
GW52,T2233,Ulcerative colitis는 인구의 1% 이상에 영향을 미칩니다.,C
GW74,T2233,합병증보다 증상이 더 많습니다.,E
GW74,T2233,Ulcerative colitis의 지속 기간은 평소의 시작만큼입니다.,N
GW74,T2233,진단 방법은 치료 방법을 초과합니다.,C
GW4,T2234,Unaza 버스 라인은 하루에 20 번 이상 운행됩니다.,E
GW4,T2234,Unaza 버스 라인은 시간당 50 마일 이상 운행합니다.,N
GW4,T2234,Unaza 버스 라인은 반 시간마다 오지 않습니다.,C
GW86,T2234,Unaza 버스 라인은 하루에 6 시간 미만으로 작동하지 않습니다.,E
GW86,T2234,Unaza 버스 라인에서 여행은 때때로 30 분 이상 걸립니다.,N
GW86,T2234,Unaza 버스 라인은 주말에 일주일에 비해 덜 자주 운행됩니다.,C
GW52,T2234,Unaza 버스 라인은 하루의 3/4 이상을 운영합니다.,E
GW52,T2234,Unaza 버스 라인은 아직 수정 또는 개조해야합니다.,N
GW52,T2234,Unaza 버스 라인은 100 마일 이상 길다.,C
GW52,T2235,"매년 약 25,000 명이 대학 임상 적합성 테스트를 수행하고 있습니다.",E
GW52,T2235,대학 임상 적성 테스트는 입학에 중요한 결정 요소입니다.,N
GW52,T2235,대학 임상 적성 테스트는 완료하는 데 하루 종일 걸립니다.,C
GW1,T2235,대학 임상 적성 테스트는 약 120 분 정도 걸립니다.,E
GW1,T2235,University Clinical Aptitude Test은 피어슨이 관리하는 유일한 테스트입니다.,N
GW1,T2235,대학 임상 능력 테스트는 20 세기에 처음으로 관리되었습니다.,C
GW105,T2235,테스트 택자는 제거 절차를 사용할 수 있습니다.,E
GW105,T2235,일부 테스트 택자는 20 분 만에 대학 임상 적합성 테스트를 완료 할 수 있습니다.,N
GW105,T2235,매년 수백만 명의 사람들이 시험을 받습니다.,C
GW86,T2236,‘미국항공 항공편 1549’ 추락 사고는 동물의 사고로 인해 발생했다.,E
GW86,T2236,US Airways Flight 1549의 승무원은 모두 심각한 부상을 입었습니다.,N
GW86,T2236,US Airways Flight 1549는 정류장과 최종 목적지 사이에 충돌했습니다.,C
GW4,T2236,미국 항공 1549편이 미국 동부 해안에서 이륙했다.,E
GW4,T2236,“US Airways Flight 1549”는 비행 중 고양이에게 충돌했습니다.,N
GW4,T2236,US Airways Flight 1549는 그들의 비행을 완료 할 수있었습니다.,C
GW52,T2236,US1549는 10 년 전에 추락했습니다.,E
GW52,T2236,US1549는 새가 공격하기 전에 엔진에 아무런 문제가 없었다.,N
GW52,T2236,US1549 추락 사고는 5 명의 사망자가 발생했습니다.,C
GW52,T2237,유타 밸리 익스프레스(Utah Valley Express)는 작년에 문을 열었다.,E
GW52,T2237,유타 밸리 익스프레스(Utah Valley Express)는 하루 종일 운행됩니다.,N
GW52,T2237,유타 밸리 익스프레스는 60mph 이상의 속도로 여행합니다.,C
GW4,T2237,유타 밸리 익스프레스(Utah Valley Express)는 10년이 채 걸리지 않았다.,E
GW4,T2237,유타 밸리 익스프레스(Utah Valley Express)는 건설하는데 5년이 걸렸다.,N
GW4,T2237,유타 밸리 익스프레스는 고속도로에서 자동차보다 빨리 이동합니다.,C
GW19,T2237,유타 주 오렘 남부에 위치한 빠른 버스 서비스 인 유타 밸리 익스프레스는 1 년 이상 유타 교통 당국에 의해 운영되었습니다.,E
GW19,T2237,Provo Urem Max에서 Utah Valley Express로 변경되었을 때 유타 주 남부 오렘 (Orem)의 빠른 버스 라인에 경로 변경이 없었습니다.,N
GW19,T2237,유타 밸리 익스프레스속도 버스 라인은 유타의 솔트 레이크 시티 지하철 지역을 제공합니다.,C
GW28,T2238,"Vaisakhi, Baisakhi Punjabi : ਵਿਸਾਖੀ은 시크와 힌두교의 종교적 관념입니다.",E
GW28,T2238,"Vaisakhi, Baisakhi Punjabi: ਵਿਸਾਖੀ 축하의 일환으로 불꽃놀이를 촬영하고 선물을 교환합니다.",N
GW28,T2238,"Vaisakhi, Baisakhi Punjabi : ਵਿਸਾਖੀ은 매년 같은 날짜에 떨어집니다.",C
GW86,T2238,Vaisakhi는 4 개의 다른 이름으로 알려져 있습니다.,E
GW86,T2238,Vaisakhi는 매년 4 월 13 또는 14 일에 관찰됩니다.,N
GW86,T2238,Vaisakhi는 엄격히 문화적 관찰이다.,C
GW52,T2238,베이사크는 매년 같은 시간에 개최됩니다.,E
GW52,T2238,바이사크는 축하하는 모든 사람에게 동일한 관례를 가지고 있습니다.,N
GW52,T2238,베이사크는 매년 같은 날에 일어난다.,C
GW86,T2239,Vesak는 적어도 50 개의 공식 이름으로 알려져 있습니다.,E
GW86,T2239,Vesak는 전 세계적으로 힌두교인보다 더 많은 불교인들이 관찰하고 있습니다.,N
GW86,T2239,Vesak은 매년 같은 날짜에 축하됩니다.,C
GW52,T2239,부처님의 날은 매년 일어난다.,E
GW52,T2239,부처님의 날은 아시아 전역에서 축하되고 있습니다.,N
GW52,T2239,"2018년, 부처의 날은 아시아의 모든 나라에서 같은 날로 축하되었다.",C
GW12,T2239,Vesak는 연례 휴일이며 2019 년 5 월 19 일에 축하되었습니다.,E
GW12,T2239,Vesak는 Gautama 부처를 축하하는 종교 휴일입니다.,N
GW12,T2239,Vesak는 겨울 달 동안 축하됩니다.,C
GW28,T2240,Vidyasagar Setu는 여섯 라인 택시 브릿지입니다.,E
GW28,T2240,Vidyasagar Setu는 수십억 달러의 비용이 든다.,N
GW28,T2240,Vidyasagar Setu는 독특한 캔티레버 디자인으로 유명합니다.,C
GW12,T2240,Vidyasagar Setu는 둘째 높은 다리로도 알려져 있으며 3 개의 경로가있는 2 개의 경로입니다.,E
GW12,T2240,Braithwaite Burn and Jessop Construction Company Limited는 다리 건설에 참여한 유일한 회사입니다.,N
GW12,T2240,Vidyasagar Setu는 1992 년 봄에 개장했습니다.,C
GW86,T2240,Vidyasagar Setu는 총 6 개의 라인을 가지고 있습니다.,E
GW86,T2240,Vidyasagar Setu를 사용하는 차량은 양쪽 방향으로 여행하는 경우 수수료를 지불합니다.,N
GW86,T2240,Vidyasagar Setu는 차량을 사용할 수있는 비용이 없습니다.,C
GW28,T2241,Viva Purple는 10 년이 넘는 오래된 공공 버스 라인입니다.,E
GW28,T2241,모든 Viva Purple버스에서 공용 WiFi가 제공됩니다.,N
GW28,T2241,Viva Purple는 한 시간에 두 번 도착합니다.,C
GW4,T2241,Viva Purple는 1 시간에 4 번 떠납니다.,E
GW4,T2241,Viva Purple는 14 년 이상 매일 실행되었습니다.,N
GW4,T2241,Viva Purple선은 매년 몇 백 명 만이 그것을 타고 있습니다.,C
GW52,T2241,"Viva Purple는 5,000 명 이상의 승객을 즐길 수 있습니다.",E
GW52,T2241,Viva Purple는 24 시간 일정에 따라 작동합니다.,N
GW52,T2241,Viva Purple는 1990 년대에 작동하기 시작했습니다.,C
GW4,T2242,Xiaomi Mi 2S는 뒷면에 두 개의 다른 카메라가 있습니다.,E
GW4,T2242,Xiaomi Mi 2S는 iPhone보다 더 큰 배터리를 가지고 있습니다.,N
GW4,T2242,Xiaomi Mi 2S는 120mm보다 넓습니다.,C
GW74,T2242,스토리지: 최대 30GB 메모리보다 더 많은,E
GW74,T2242,Android 4.1 Jelly Bean 운영 체제가있는 Xiaomi Mi 2S는 16 GB의 스토리지가 있습니다.,N
GW74,T2242,Xiaomi Mi3가 Xiaomi Mi2보다 앞서 나왔습니다.,C
GW105,T2242,Xiaomi Mi 2S는 스마트 폰입니다.,E
GW105,T2242,수백 개의 사진을위한 충분한 메모리가 있습니다.,N
GW105,T2242,Xiaomi Mi 2S에는 수용 가능한 저장 공간이 많이 있습니다.,C
GW28,T2243,B1는 Zhengzhou에서 매일 운행하는 버스 경로입니다.,E
GW28,T2243,B1은 현금없는 버스 시스템이며 전자 지불 양식을 사용합니다.,N
GW28,T2243,B1는 10 년 이상 지속적으로 운영되었습니다.,C
GW12,T2243,Zhengzhou에 위치한 B1은 Zhengzhou 버스 통신 회사에 의해 운영됩니다.,E
GW12,T2243,B1은 Zhongzhou Avenue와 Nongye Road에서 시작하고 Dianchang Road B/T에서 끝납니다.,N
GW12,T2243,B1은 매일 7 분마다 작동합니다.,C
GW52,T2243,B1는 10 년 동안 봉사하고있다.,E
GW52,T2243,B1는 가장 인기있는 버스 여행 중 하나입니다.,N
GW52,T2243,B1은 24 시간 일정에 따라 작동합니다.,C
GW28,T2244,싱가포르를 향한 인도네시아 에어아시아 항공기 8501편이 바다에 추락해 승무원 모두가 사망했다.,E
GW28,T2244,인도네시아 에어아시아 항공편 8501은 사고에 기여한 조종사 간의 오류 통신이있을 수 있습니다.,N
GW28,T2244,인도네시아 에어아시아 항공편 8501은 지하철에 착륙하는 동안 추락 한 보잉 보이였다.,C
GW52,T2244,QZ8501이 추락하여 승무원 모두 사망했다.,E
GW52,T2244,QZ8501은 멈추기 전에 엔진 문제를보고했습니다.,N
GW52,T2244,QZ8501 사고는 1990년대에 발생했다.,C
GW1,T2244,인도네시아 에어아시아 항공기 8501편에 탑승한 승객은 모두 사망했다.,E
GW1,T2244,인도네시아 에어아시아 항공편 8501은 인도네시아 에어아시아 항공편 8501이 추락한 유일한 항공편입니다.,N
GW1,T2244,인도네시아 에어아시아 항공기 8501편이 2014년 여름에 추락했다.,C